ISO-10303-21;
HEADER;
/* Generated by software containing ST-Developer
 * from STEP Tools, Inc. (www.steptools.com) 
 */
/* OPTION: using custom renumber hook */

FILE_DESCRIPTION(
/* description */ ('STEP AP242 Edition 2',
'CAx-IF Rec.Pracs.---Representation and Presentation of Product Manufa
cturing Information (PMI)---4.0---2014-10-13',
'CAx-IF Rec.Pracs.---3D Tessellated Geometry---0.4---2014-09-14','2;1',
'CAx-IF Rec.Pracs.---User Defined Attributes---1.5---2016-08-15'),
/* implementation_level */ '2;1');

FILE_NAME(
/* name */ 'Part Studio 2 - Part 2',
/* time_stamp */ '2026-08-23T17:14:40Z',
/* author */ (''),
/* organization */ (''),
/* preprocessor_version */ 'ST-DEVELOPER v20',
/* originating_system */ 'ONSHAPE BY PTC INC, 1.219',
/* authorisation */ '  ');

FILE_SCHEMA (('AP242_MANAGED_MODEL_BASED_3D_ENGINEERING_MIM_LF { 1 0 10303 442 3 1 4 }'));
ENDSEC;

DATA;
#10=SHAPE_REPRESENTATION_RELATIONSHIP('','',#3119,#11);
#11=ADVANCED_BREP_SHAPE_REPRESENTATION('',(#3117),#4835);
#12=CIRCLE('',#3254,0.002);
#13=CIRCLE('',#3255,0.002);
#14=CIRCLE('',#3257,0.002);
#15=CIRCLE('',#3258,0.002);
#16=CIRCLE('',#3260,0.002);
#17=CIRCLE('',#3261,0.002);
#18=CIRCLE('',#3263,0.002);
#19=CIRCLE('',#3264,0.002);
#20=CIRCLE('',#3266,0.002);
#21=CIRCLE('',#3267,0.002);
#22=CYLINDRICAL_SURFACE('',#3253,0.002);
#23=CYLINDRICAL_SURFACE('',#3256,0.002);
#24=CYLINDRICAL_SURFACE('',#3259,0.002);
#25=CYLINDRICAL_SURFACE('',#3262,0.002);
#26=CYLINDRICAL_SURFACE('',#3265,0.002);
#27=ORIENTED_EDGE('',*,*,#863,.F.);
#28=ORIENTED_EDGE('',*,*,#864,.F.);
#29=ORIENTED_EDGE('',*,*,#865,.T.);
#30=ORIENTED_EDGE('',*,*,#866,.T.);
#31=ORIENTED_EDGE('',*,*,#867,.T.);
#32=ORIENTED_EDGE('',*,*,#868,.F.);
#33=ORIENTED_EDGE('',*,*,#869,.F.);
#34=ORIENTED_EDGE('',*,*,#864,.T.);
#35=ORIENTED_EDGE('',*,*,#870,.T.);
#36=ORIENTED_EDGE('',*,*,#871,.F.);
#37=ORIENTED_EDGE('',*,*,#872,.F.);
#38=ORIENTED_EDGE('',*,*,#868,.T.);
#39=ORIENTED_EDGE('',*,*,#873,.F.);
#40=ORIENTED_EDGE('',*,*,#874,.F.);
#41=ORIENTED_EDGE('',*,*,#875,.T.);
#42=ORIENTED_EDGE('',*,*,#876,.T.);
#43=ORIENTED_EDGE('',*,*,#877,.T.);
#44=ORIENTED_EDGE('',*,*,#878,.F.);
#45=ORIENTED_EDGE('',*,*,#879,.F.);
#46=ORIENTED_EDGE('',*,*,#874,.T.);
#47=ORIENTED_EDGE('',*,*,#880,.T.);
#48=ORIENTED_EDGE('',*,*,#881,.F.);
#49=ORIENTED_EDGE('',*,*,#882,.F.);
#50=ORIENTED_EDGE('',*,*,#878,.T.);
#51=ORIENTED_EDGE('',*,*,#883,.F.);
#52=ORIENTED_EDGE('',*,*,#884,.F.);
#53=ORIENTED_EDGE('',*,*,#885,.T.);
#54=ORIENTED_EDGE('',*,*,#886,.T.);
#55=ORIENTED_EDGE('',*,*,#887,.T.);
#56=ORIENTED_EDGE('',*,*,#888,.F.);
#57=ORIENTED_EDGE('',*,*,#889,.F.);
#58=ORIENTED_EDGE('',*,*,#884,.T.);
#59=ORIENTED_EDGE('',*,*,#890,.T.);
#60=ORIENTED_EDGE('',*,*,#891,.F.);
#61=ORIENTED_EDGE('',*,*,#892,.F.);
#62=ORIENTED_EDGE('',*,*,#888,.T.);
#63=ORIENTED_EDGE('',*,*,#893,.F.);
#64=ORIENTED_EDGE('',*,*,#894,.F.);
#65=ORIENTED_EDGE('',*,*,#895,.T.);
#66=ORIENTED_EDGE('',*,*,#896,.T.);
#67=ORIENTED_EDGE('',*,*,#897,.T.);
#68=ORIENTED_EDGE('',*,*,#898,.F.);
#69=ORIENTED_EDGE('',*,*,#899,.F.);
#70=ORIENTED_EDGE('',*,*,#894,.T.);
#71=ORIENTED_EDGE('',*,*,#900,.T.);
#72=ORIENTED_EDGE('',*,*,#901,.F.);
#73=ORIENTED_EDGE('',*,*,#902,.F.);
#74=ORIENTED_EDGE('',*,*,#898,.T.);
#75=ORIENTED_EDGE('',*,*,#903,.F.);
#76=ORIENTED_EDGE('',*,*,#904,.F.);
#77=ORIENTED_EDGE('',*,*,#905,.T.);
#78=ORIENTED_EDGE('',*,*,#906,.T.);
#79=ORIENTED_EDGE('',*,*,#907,.T.);
#80=ORIENTED_EDGE('',*,*,#908,.F.);
#81=ORIENTED_EDGE('',*,*,#909,.F.);
#82=ORIENTED_EDGE('',*,*,#904,.T.);
#83=ORIENTED_EDGE('',*,*,#910,.T.);
#84=ORIENTED_EDGE('',*,*,#911,.F.);
#85=ORIENTED_EDGE('',*,*,#912,.F.);
#86=ORIENTED_EDGE('',*,*,#908,.T.);
#87=ORIENTED_EDGE('',*,*,#913,.F.);
#88=ORIENTED_EDGE('',*,*,#914,.F.);
#89=ORIENTED_EDGE('',*,*,#915,.T.);
#90=ORIENTED_EDGE('',*,*,#916,.T.);
#91=ORIENTED_EDGE('',*,*,#917,.T.);
#92=ORIENTED_EDGE('',*,*,#918,.F.);
#93=ORIENTED_EDGE('',*,*,#919,.F.);
#94=ORIENTED_EDGE('',*,*,#914,.T.);
#95=ORIENTED_EDGE('',*,*,#920,.T.);
#96=ORIENTED_EDGE('',*,*,#921,.F.);
#97=ORIENTED_EDGE('',*,*,#922,.F.);
#98=ORIENTED_EDGE('',*,*,#918,.T.);
#99=ORIENTED_EDGE('',*,*,#923,.F.);
#100=ORIENTED_EDGE('',*,*,#924,.F.);
#101=ORIENTED_EDGE('',*,*,#925,.T.);
#102=ORIENTED_EDGE('',*,*,#926,.T.);
#103=ORIENTED_EDGE('',*,*,#927,.T.);
#104=ORIENTED_EDGE('',*,*,#928,.F.);
#105=ORIENTED_EDGE('',*,*,#929,.F.);
#106=ORIENTED_EDGE('',*,*,#924,.T.);
#107=ORIENTED_EDGE('',*,*,#930,.T.);
#108=ORIENTED_EDGE('',*,*,#931,.F.);
#109=ORIENTED_EDGE('',*,*,#932,.F.);
#110=ORIENTED_EDGE('',*,*,#928,.T.);
#111=ORIENTED_EDGE('',*,*,#933,.F.);
#112=ORIENTED_EDGE('',*,*,#934,.F.);
#113=ORIENTED_EDGE('',*,*,#935,.T.);
#114=ORIENTED_EDGE('',*,*,#936,.T.);
#115=ORIENTED_EDGE('',*,*,#937,.T.);
#116=ORIENTED_EDGE('',*,*,#938,.F.);
#117=ORIENTED_EDGE('',*,*,#939,.F.);
#118=ORIENTED_EDGE('',*,*,#934,.T.);
#119=ORIENTED_EDGE('',*,*,#940,.T.);
#120=ORIENTED_EDGE('',*,*,#941,.F.);
#121=ORIENTED_EDGE('',*,*,#942,.F.);
#122=ORIENTED_EDGE('',*,*,#938,.T.);
#123=ORIENTED_EDGE('',*,*,#943,.F.);
#124=ORIENTED_EDGE('',*,*,#944,.F.);
#125=ORIENTED_EDGE('',*,*,#945,.T.);
#126=ORIENTED_EDGE('',*,*,#946,.T.);
#127=ORIENTED_EDGE('',*,*,#947,.T.);
#128=ORIENTED_EDGE('',*,*,#948,.F.);
#129=ORIENTED_EDGE('',*,*,#949,.F.);
#130=ORIENTED_EDGE('',*,*,#944,.T.);
#131=ORIENTED_EDGE('',*,*,#950,.T.);
#132=ORIENTED_EDGE('',*,*,#951,.F.);
#133=ORIENTED_EDGE('',*,*,#952,.F.);
#134=ORIENTED_EDGE('',*,*,#948,.T.);
#135=ORIENTED_EDGE('',*,*,#953,.F.);
#136=ORIENTED_EDGE('',*,*,#954,.F.);
#137=ORIENTED_EDGE('',*,*,#955,.T.);
#138=ORIENTED_EDGE('',*,*,#956,.T.);
#139=ORIENTED_EDGE('',*,*,#957,.T.);
#140=ORIENTED_EDGE('',*,*,#958,.F.);
#141=ORIENTED_EDGE('',*,*,#959,.F.);
#142=ORIENTED_EDGE('',*,*,#954,.T.);
#143=ORIENTED_EDGE('',*,*,#960,.T.);
#144=ORIENTED_EDGE('',*,*,#961,.F.);
#145=ORIENTED_EDGE('',*,*,#962,.F.);
#146=ORIENTED_EDGE('',*,*,#958,.T.);
#147=ORIENTED_EDGE('',*,*,#963,.F.);
#148=ORIENTED_EDGE('',*,*,#964,.F.);
#149=ORIENTED_EDGE('',*,*,#965,.T.);
#150=ORIENTED_EDGE('',*,*,#966,.T.);
#151=ORIENTED_EDGE('',*,*,#967,.T.);
#152=ORIENTED_EDGE('',*,*,#968,.F.);
#153=ORIENTED_EDGE('',*,*,#969,.F.);
#154=ORIENTED_EDGE('',*,*,#964,.T.);
#155=ORIENTED_EDGE('',*,*,#970,.T.);
#156=ORIENTED_EDGE('',*,*,#971,.F.);
#157=ORIENTED_EDGE('',*,*,#972,.F.);
#158=ORIENTED_EDGE('',*,*,#968,.T.);
#159=ORIENTED_EDGE('',*,*,#973,.F.);
#160=ORIENTED_EDGE('',*,*,#974,.F.);
#161=ORIENTED_EDGE('',*,*,#975,.T.);
#162=ORIENTED_EDGE('',*,*,#976,.T.);
#163=ORIENTED_EDGE('',*,*,#977,.T.);
#164=ORIENTED_EDGE('',*,*,#978,.F.);
#165=ORIENTED_EDGE('',*,*,#979,.F.);
#166=ORIENTED_EDGE('',*,*,#974,.T.);
#167=ORIENTED_EDGE('',*,*,#980,.T.);
#168=ORIENTED_EDGE('',*,*,#981,.F.);
#169=ORIENTED_EDGE('',*,*,#982,.F.);
#170=ORIENTED_EDGE('',*,*,#978,.T.);
#171=ORIENTED_EDGE('',*,*,#983,.F.);
#172=ORIENTED_EDGE('',*,*,#984,.F.);
#173=ORIENTED_EDGE('',*,*,#985,.T.);
#174=ORIENTED_EDGE('',*,*,#986,.T.);
#175=ORIENTED_EDGE('',*,*,#987,.T.);
#176=ORIENTED_EDGE('',*,*,#988,.F.);
#177=ORIENTED_EDGE('',*,*,#989,.F.);
#178=ORIENTED_EDGE('',*,*,#984,.T.);
#179=ORIENTED_EDGE('',*,*,#990,.T.);
#180=ORIENTED_EDGE('',*,*,#991,.F.);
#181=ORIENTED_EDGE('',*,*,#992,.F.);
#182=ORIENTED_EDGE('',*,*,#988,.T.);
#183=ORIENTED_EDGE('',*,*,#993,.F.);
#184=ORIENTED_EDGE('',*,*,#994,.F.);
#185=ORIENTED_EDGE('',*,*,#995,.T.);
#186=ORIENTED_EDGE('',*,*,#996,.T.);
#187=ORIENTED_EDGE('',*,*,#997,.T.);
#188=ORIENTED_EDGE('',*,*,#998,.F.);
#189=ORIENTED_EDGE('',*,*,#999,.F.);
#190=ORIENTED_EDGE('',*,*,#994,.T.);
#191=ORIENTED_EDGE('',*,*,#1000,.T.);
#192=ORIENTED_EDGE('',*,*,#1001,.F.);
#193=ORIENTED_EDGE('',*,*,#1002,.F.);
#194=ORIENTED_EDGE('',*,*,#998,.T.);
#195=ORIENTED_EDGE('',*,*,#1003,.F.);
#196=ORIENTED_EDGE('',*,*,#1004,.F.);
#197=ORIENTED_EDGE('',*,*,#1005,.T.);
#198=ORIENTED_EDGE('',*,*,#1006,.T.);
#199=ORIENTED_EDGE('',*,*,#1007,.T.);
#200=ORIENTED_EDGE('',*,*,#1008,.F.);
#201=ORIENTED_EDGE('',*,*,#1009,.F.);
#202=ORIENTED_EDGE('',*,*,#1004,.T.);
#203=ORIENTED_EDGE('',*,*,#1010,.T.);
#204=ORIENTED_EDGE('',*,*,#1011,.F.);
#205=ORIENTED_EDGE('',*,*,#1012,.F.);
#206=ORIENTED_EDGE('',*,*,#1008,.T.);
#207=ORIENTED_EDGE('',*,*,#1013,.F.);
#208=ORIENTED_EDGE('',*,*,#1014,.F.);
#209=ORIENTED_EDGE('',*,*,#1015,.T.);
#210=ORIENTED_EDGE('',*,*,#1016,.T.);
#211=ORIENTED_EDGE('',*,*,#1017,.T.);
#212=ORIENTED_EDGE('',*,*,#1018,.F.);
#213=ORIENTED_EDGE('',*,*,#1019,.F.);
#214=ORIENTED_EDGE('',*,*,#1014,.T.);
#215=ORIENTED_EDGE('',*,*,#1020,.T.);
#216=ORIENTED_EDGE('',*,*,#1021,.F.);
#217=ORIENTED_EDGE('',*,*,#1022,.F.);
#218=ORIENTED_EDGE('',*,*,#1018,.T.);
#219=ORIENTED_EDGE('',*,*,#1023,.F.);
#220=ORIENTED_EDGE('',*,*,#1024,.F.);
#221=ORIENTED_EDGE('',*,*,#1025,.T.);
#222=ORIENTED_EDGE('',*,*,#1026,.T.);
#223=ORIENTED_EDGE('',*,*,#1027,.T.);
#224=ORIENTED_EDGE('',*,*,#1028,.F.);
#225=ORIENTED_EDGE('',*,*,#1029,.F.);
#226=ORIENTED_EDGE('',*,*,#1024,.T.);
#227=ORIENTED_EDGE('',*,*,#1030,.T.);
#228=ORIENTED_EDGE('',*,*,#1031,.F.);
#229=ORIENTED_EDGE('',*,*,#1032,.F.);
#230=ORIENTED_EDGE('',*,*,#1028,.T.);
#231=ORIENTED_EDGE('',*,*,#1033,.F.);
#232=ORIENTED_EDGE('',*,*,#1034,.F.);
#233=ORIENTED_EDGE('',*,*,#1035,.T.);
#234=ORIENTED_EDGE('',*,*,#1036,.T.);
#235=ORIENTED_EDGE('',*,*,#1037,.T.);
#236=ORIENTED_EDGE('',*,*,#1038,.F.);
#237=ORIENTED_EDGE('',*,*,#1039,.F.);
#238=ORIENTED_EDGE('',*,*,#1034,.T.);
#239=ORIENTED_EDGE('',*,*,#1040,.T.);
#240=ORIENTED_EDGE('',*,*,#1041,.F.);
#241=ORIENTED_EDGE('',*,*,#1042,.F.);
#242=ORIENTED_EDGE('',*,*,#1038,.T.);
#243=ORIENTED_EDGE('',*,*,#1043,.F.);
#244=ORIENTED_EDGE('',*,*,#1044,.F.);
#245=ORIENTED_EDGE('',*,*,#1045,.T.);
#246=ORIENTED_EDGE('',*,*,#1046,.T.);
#247=ORIENTED_EDGE('',*,*,#1047,.T.);
#248=ORIENTED_EDGE('',*,*,#1048,.F.);
#249=ORIENTED_EDGE('',*,*,#1049,.F.);
#250=ORIENTED_EDGE('',*,*,#1044,.T.);
#251=ORIENTED_EDGE('',*,*,#1050,.T.);
#252=ORIENTED_EDGE('',*,*,#1051,.F.);
#253=ORIENTED_EDGE('',*,*,#1052,.F.);
#254=ORIENTED_EDGE('',*,*,#1048,.T.);
#255=ORIENTED_EDGE('',*,*,#1053,.F.);
#256=ORIENTED_EDGE('',*,*,#1054,.F.);
#257=ORIENTED_EDGE('',*,*,#1055,.T.);
#258=ORIENTED_EDGE('',*,*,#1056,.T.);
#259=ORIENTED_EDGE('',*,*,#1057,.T.);
#260=ORIENTED_EDGE('',*,*,#1058,.F.);
#261=ORIENTED_EDGE('',*,*,#1059,.F.);
#262=ORIENTED_EDGE('',*,*,#1054,.T.);
#263=ORIENTED_EDGE('',*,*,#1060,.T.);
#264=ORIENTED_EDGE('',*,*,#1061,.F.);
#265=ORIENTED_EDGE('',*,*,#1062,.F.);
#266=ORIENTED_EDGE('',*,*,#1058,.T.);
#267=ORIENTED_EDGE('',*,*,#1063,.F.);
#268=ORIENTED_EDGE('',*,*,#1064,.F.);
#269=ORIENTED_EDGE('',*,*,#1065,.T.);
#270=ORIENTED_EDGE('',*,*,#1066,.T.);
#271=ORIENTED_EDGE('',*,*,#1067,.T.);
#272=ORIENTED_EDGE('',*,*,#1068,.F.);
#273=ORIENTED_EDGE('',*,*,#1069,.F.);
#274=ORIENTED_EDGE('',*,*,#1064,.T.);
#275=ORIENTED_EDGE('',*,*,#1070,.T.);
#276=ORIENTED_EDGE('',*,*,#1071,.F.);
#277=ORIENTED_EDGE('',*,*,#1072,.F.);
#278=ORIENTED_EDGE('',*,*,#1068,.T.);
#279=ORIENTED_EDGE('',*,*,#1073,.F.);
#280=ORIENTED_EDGE('',*,*,#1074,.F.);
#281=ORIENTED_EDGE('',*,*,#1075,.T.);
#282=ORIENTED_EDGE('',*,*,#1076,.T.);
#283=ORIENTED_EDGE('',*,*,#1077,.T.);
#284=ORIENTED_EDGE('',*,*,#1078,.F.);
#285=ORIENTED_EDGE('',*,*,#1079,.F.);
#286=ORIENTED_EDGE('',*,*,#1074,.T.);
#287=ORIENTED_EDGE('',*,*,#1080,.T.);
#288=ORIENTED_EDGE('',*,*,#1081,.F.);
#289=ORIENTED_EDGE('',*,*,#1082,.F.);
#290=ORIENTED_EDGE('',*,*,#1078,.T.);
#291=ORIENTED_EDGE('',*,*,#1083,.F.);
#292=ORIENTED_EDGE('',*,*,#1084,.F.);
#293=ORIENTED_EDGE('',*,*,#1085,.T.);
#294=ORIENTED_EDGE('',*,*,#1086,.T.);
#295=ORIENTED_EDGE('',*,*,#1087,.T.);
#296=ORIENTED_EDGE('',*,*,#1088,.F.);
#297=ORIENTED_EDGE('',*,*,#1089,.F.);
#298=ORIENTED_EDGE('',*,*,#1084,.T.);
#299=ORIENTED_EDGE('',*,*,#1090,.T.);
#300=ORIENTED_EDGE('',*,*,#1091,.F.);
#301=ORIENTED_EDGE('',*,*,#1092,.F.);
#302=ORIENTED_EDGE('',*,*,#1088,.T.);
#303=ORIENTED_EDGE('',*,*,#1093,.F.);
#304=ORIENTED_EDGE('',*,*,#1094,.F.);
#305=ORIENTED_EDGE('',*,*,#1095,.T.);
#306=ORIENTED_EDGE('',*,*,#1096,.T.);
#307=ORIENTED_EDGE('',*,*,#1097,.T.);
#308=ORIENTED_EDGE('',*,*,#1098,.F.);
#309=ORIENTED_EDGE('',*,*,#1099,.F.);
#310=ORIENTED_EDGE('',*,*,#1094,.T.);
#311=ORIENTED_EDGE('',*,*,#1100,.T.);
#312=ORIENTED_EDGE('',*,*,#1101,.F.);
#313=ORIENTED_EDGE('',*,*,#1102,.F.);
#314=ORIENTED_EDGE('',*,*,#1098,.T.);
#315=ORIENTED_EDGE('',*,*,#1103,.F.);
#316=ORIENTED_EDGE('',*,*,#1104,.F.);
#317=ORIENTED_EDGE('',*,*,#1105,.T.);
#318=ORIENTED_EDGE('',*,*,#1106,.T.);
#319=ORIENTED_EDGE('',*,*,#1107,.T.);
#320=ORIENTED_EDGE('',*,*,#1108,.F.);
#321=ORIENTED_EDGE('',*,*,#1109,.F.);
#322=ORIENTED_EDGE('',*,*,#1104,.T.);
#323=ORIENTED_EDGE('',*,*,#1110,.T.);
#324=ORIENTED_EDGE('',*,*,#1111,.F.);
#325=ORIENTED_EDGE('',*,*,#1112,.F.);
#326=ORIENTED_EDGE('',*,*,#1108,.T.);
#327=ORIENTED_EDGE('',*,*,#1113,.F.);
#328=ORIENTED_EDGE('',*,*,#1114,.F.);
#329=ORIENTED_EDGE('',*,*,#1115,.T.);
#330=ORIENTED_EDGE('',*,*,#1116,.T.);
#331=ORIENTED_EDGE('',*,*,#1117,.T.);
#332=ORIENTED_EDGE('',*,*,#1118,.F.);
#333=ORIENTED_EDGE('',*,*,#1119,.F.);
#334=ORIENTED_EDGE('',*,*,#1114,.T.);
#335=ORIENTED_EDGE('',*,*,#1120,.T.);
#336=ORIENTED_EDGE('',*,*,#1121,.F.);
#337=ORIENTED_EDGE('',*,*,#1122,.F.);
#338=ORIENTED_EDGE('',*,*,#1118,.T.);
#339=ORIENTED_EDGE('',*,*,#1123,.F.);
#340=ORIENTED_EDGE('',*,*,#1124,.F.);
#341=ORIENTED_EDGE('',*,*,#1125,.T.);
#342=ORIENTED_EDGE('',*,*,#1126,.T.);
#343=ORIENTED_EDGE('',*,*,#1127,.T.);
#344=ORIENTED_EDGE('',*,*,#1128,.F.);
#345=ORIENTED_EDGE('',*,*,#1129,.F.);
#346=ORIENTED_EDGE('',*,*,#1124,.T.);
#347=ORIENTED_EDGE('',*,*,#1130,.T.);
#348=ORIENTED_EDGE('',*,*,#1131,.F.);
#349=ORIENTED_EDGE('',*,*,#1132,.F.);
#350=ORIENTED_EDGE('',*,*,#1128,.T.);
#351=ORIENTED_EDGE('',*,*,#1133,.F.);
#352=ORIENTED_EDGE('',*,*,#1134,.F.);
#353=ORIENTED_EDGE('',*,*,#1135,.T.);
#354=ORIENTED_EDGE('',*,*,#1136,.T.);
#355=ORIENTED_EDGE('',*,*,#1137,.T.);
#356=ORIENTED_EDGE('',*,*,#1138,.F.);
#357=ORIENTED_EDGE('',*,*,#1139,.F.);
#358=ORIENTED_EDGE('',*,*,#1134,.T.);
#359=ORIENTED_EDGE('',*,*,#1140,.T.);
#360=ORIENTED_EDGE('',*,*,#1141,.F.);
#361=ORIENTED_EDGE('',*,*,#1142,.F.);
#362=ORIENTED_EDGE('',*,*,#1138,.T.);
#363=ORIENTED_EDGE('',*,*,#1143,.F.);
#364=ORIENTED_EDGE('',*,*,#1144,.F.);
#365=ORIENTED_EDGE('',*,*,#1145,.T.);
#366=ORIENTED_EDGE('',*,*,#1146,.T.);
#367=ORIENTED_EDGE('',*,*,#1147,.T.);
#368=ORIENTED_EDGE('',*,*,#1148,.F.);
#369=ORIENTED_EDGE('',*,*,#1149,.F.);
#370=ORIENTED_EDGE('',*,*,#1144,.T.);
#371=ORIENTED_EDGE('',*,*,#1150,.T.);
#372=ORIENTED_EDGE('',*,*,#1151,.F.);
#373=ORIENTED_EDGE('',*,*,#1152,.F.);
#374=ORIENTED_EDGE('',*,*,#1148,.T.);
#375=ORIENTED_EDGE('',*,*,#1153,.F.);
#376=ORIENTED_EDGE('',*,*,#1154,.F.);
#377=ORIENTED_EDGE('',*,*,#1155,.T.);
#378=ORIENTED_EDGE('',*,*,#1156,.T.);
#379=ORIENTED_EDGE('',*,*,#1157,.F.);
#380=ORIENTED_EDGE('',*,*,#1158,.F.);
#381=ORIENTED_EDGE('',*,*,#1159,.T.);
#382=ORIENTED_EDGE('',*,*,#1154,.T.);
#383=ORIENTED_EDGE('',*,*,#1160,.F.);
#384=ORIENTED_EDGE('',*,*,#1161,.F.);
#385=ORIENTED_EDGE('',*,*,#1162,.T.);
#386=ORIENTED_EDGE('',*,*,#1158,.T.);
#387=ORIENTED_EDGE('',*,*,#1163,.T.);
#388=ORIENTED_EDGE('',*,*,#1164,.F.);
#389=ORIENTED_EDGE('',*,*,#1165,.F.);
#390=ORIENTED_EDGE('',*,*,#1166,.T.);
#391=ORIENTED_EDGE('',*,*,#1167,.T.);
#392=ORIENTED_EDGE('',*,*,#1168,.F.);
#393=ORIENTED_EDGE('',*,*,#1169,.F.);
#394=ORIENTED_EDGE('',*,*,#1164,.T.);
#395=ORIENTED_EDGE('',*,*,#1170,.T.);
#396=ORIENTED_EDGE('',*,*,#1171,.F.);
#397=ORIENTED_EDGE('',*,*,#1172,.F.);
#398=ORIENTED_EDGE('',*,*,#1168,.T.);
#399=ORIENTED_EDGE('',*,*,#1173,.F.);
#400=ORIENTED_EDGE('',*,*,#1174,.F.);
#401=ORIENTED_EDGE('',*,*,#1175,.T.);
#402=ORIENTED_EDGE('',*,*,#1176,.T.);
#403=ORIENTED_EDGE('',*,*,#1177,.T.);
#404=ORIENTED_EDGE('',*,*,#1178,.F.);
#405=ORIENTED_EDGE('',*,*,#1179,.F.);
#406=ORIENTED_EDGE('',*,*,#1174,.T.);
#407=ORIENTED_EDGE('',*,*,#1180,.T.);
#408=ORIENTED_EDGE('',*,*,#1181,.F.);
#409=ORIENTED_EDGE('',*,*,#1182,.F.);
#410=ORIENTED_EDGE('',*,*,#1178,.T.);
#411=ORIENTED_EDGE('',*,*,#1183,.F.);
#412=ORIENTED_EDGE('',*,*,#1184,.F.);
#413=ORIENTED_EDGE('',*,*,#1185,.T.);
#414=ORIENTED_EDGE('',*,*,#1186,.T.);
#415=ORIENTED_EDGE('',*,*,#1187,.F.);
#416=ORIENTED_EDGE('',*,*,#1188,.F.);
#417=ORIENTED_EDGE('',*,*,#1189,.T.);
#418=ORIENTED_EDGE('',*,*,#1184,.T.);
#419=ORIENTED_EDGE('',*,*,#1190,.T.);
#420=ORIENTED_EDGE('',*,*,#1191,.F.);
#421=ORIENTED_EDGE('',*,*,#1192,.F.);
#422=ORIENTED_EDGE('',*,*,#1188,.T.);
#423=ORIENTED_EDGE('',*,*,#1193,.F.);
#424=ORIENTED_EDGE('',*,*,#1194,.F.);
#425=ORIENTED_EDGE('',*,*,#1195,.T.);
#426=ORIENTED_EDGE('',*,*,#1196,.T.);
#427=ORIENTED_EDGE('',*,*,#1197,.T.);
#428=ORIENTED_EDGE('',*,*,#1198,.F.);
#429=ORIENTED_EDGE('',*,*,#1199,.F.);
#430=ORIENTED_EDGE('',*,*,#1194,.T.);
#431=ORIENTED_EDGE('',*,*,#1200,.T.);
#432=ORIENTED_EDGE('',*,*,#1201,.F.);
#433=ORIENTED_EDGE('',*,*,#1202,.F.);
#434=ORIENTED_EDGE('',*,*,#1198,.T.);
#435=ORIENTED_EDGE('',*,*,#1203,.F.);
#436=ORIENTED_EDGE('',*,*,#876,.F.);
#437=ORIENTED_EDGE('',*,*,#1204,.T.);
#438=ORIENTED_EDGE('',*,*,#881,.T.);
#439=ORIENTED_EDGE('',*,*,#1205,.F.);
#440=ORIENTED_EDGE('',*,*,#886,.F.);
#441=ORIENTED_EDGE('',*,*,#1206,.T.);
#442=ORIENTED_EDGE('',*,*,#891,.T.);
#443=ORIENTED_EDGE('',*,*,#1207,.F.);
#444=ORIENTED_EDGE('',*,*,#896,.F.);
#445=ORIENTED_EDGE('',*,*,#1208,.T.);
#446=ORIENTED_EDGE('',*,*,#901,.T.);
#447=ORIENTED_EDGE('',*,*,#1209,.F.);
#448=ORIENTED_EDGE('',*,*,#906,.F.);
#449=ORIENTED_EDGE('',*,*,#1210,.T.);
#450=ORIENTED_EDGE('',*,*,#911,.T.);
#451=ORIENTED_EDGE('',*,*,#1211,.F.);
#452=ORIENTED_EDGE('',*,*,#916,.F.);
#453=ORIENTED_EDGE('',*,*,#1212,.T.);
#454=ORIENTED_EDGE('',*,*,#921,.T.);
#455=ORIENTED_EDGE('',*,*,#1213,.F.);
#456=ORIENTED_EDGE('',*,*,#926,.F.);
#457=ORIENTED_EDGE('',*,*,#1214,.T.);
#458=ORIENTED_EDGE('',*,*,#931,.T.);
#459=ORIENTED_EDGE('',*,*,#1215,.F.);
#460=ORIENTED_EDGE('',*,*,#936,.F.);
#461=ORIENTED_EDGE('',*,*,#1216,.T.);
#462=ORIENTED_EDGE('',*,*,#941,.T.);
#463=ORIENTED_EDGE('',*,*,#1217,.F.);
#464=ORIENTED_EDGE('',*,*,#946,.F.);
#465=ORIENTED_EDGE('',*,*,#1218,.T.);
#466=ORIENTED_EDGE('',*,*,#951,.T.);
#467=ORIENTED_EDGE('',*,*,#1219,.F.);
#468=ORIENTED_EDGE('',*,*,#956,.F.);
#469=ORIENTED_EDGE('',*,*,#1220,.T.);
#470=ORIENTED_EDGE('',*,*,#961,.T.);
#471=ORIENTED_EDGE('',*,*,#1221,.F.);
#472=ORIENTED_EDGE('',*,*,#966,.F.);
#473=ORIENTED_EDGE('',*,*,#1222,.T.);
#474=ORIENTED_EDGE('',*,*,#971,.T.);
#475=ORIENTED_EDGE('',*,*,#1223,.F.);
#476=ORIENTED_EDGE('',*,*,#976,.F.);
#477=ORIENTED_EDGE('',*,*,#1224,.T.);
#478=ORIENTED_EDGE('',*,*,#981,.T.);
#479=ORIENTED_EDGE('',*,*,#1225,.F.);
#480=ORIENTED_EDGE('',*,*,#986,.F.);
#481=ORIENTED_EDGE('',*,*,#1226,.T.);
#482=ORIENTED_EDGE('',*,*,#991,.T.);
#483=ORIENTED_EDGE('',*,*,#1227,.F.);
#484=ORIENTED_EDGE('',*,*,#996,.F.);
#485=ORIENTED_EDGE('',*,*,#1228,.T.);
#486=ORIENTED_EDGE('',*,*,#1001,.T.);
#487=ORIENTED_EDGE('',*,*,#1229,.F.);
#488=ORIENTED_EDGE('',*,*,#1006,.F.);
#489=ORIENTED_EDGE('',*,*,#1230,.T.);
#490=ORIENTED_EDGE('',*,*,#1011,.T.);
#491=ORIENTED_EDGE('',*,*,#1231,.F.);
#492=ORIENTED_EDGE('',*,*,#1016,.F.);
#493=ORIENTED_EDGE('',*,*,#1232,.T.);
#494=ORIENTED_EDGE('',*,*,#1021,.T.);
#495=ORIENTED_EDGE('',*,*,#1233,.F.);
#496=ORIENTED_EDGE('',*,*,#1026,.F.);
#497=ORIENTED_EDGE('',*,*,#1234,.T.);
#498=ORIENTED_EDGE('',*,*,#1031,.T.);
#499=ORIENTED_EDGE('',*,*,#1235,.F.);
#500=ORIENTED_EDGE('',*,*,#1036,.F.);
#501=ORIENTED_EDGE('',*,*,#1236,.T.);
#502=ORIENTED_EDGE('',*,*,#1041,.T.);
#503=ORIENTED_EDGE('',*,*,#1237,.F.);
#504=ORIENTED_EDGE('',*,*,#1046,.F.);
#505=ORIENTED_EDGE('',*,*,#1238,.T.);
#506=ORIENTED_EDGE('',*,*,#1051,.T.);
#507=ORIENTED_EDGE('',*,*,#1239,.F.);
#508=ORIENTED_EDGE('',*,*,#1056,.F.);
#509=ORIENTED_EDGE('',*,*,#1240,.T.);
#510=ORIENTED_EDGE('',*,*,#1061,.T.);
#511=ORIENTED_EDGE('',*,*,#1241,.F.);
#512=ORIENTED_EDGE('',*,*,#1066,.F.);
#513=ORIENTED_EDGE('',*,*,#1242,.T.);
#514=ORIENTED_EDGE('',*,*,#1071,.T.);
#515=ORIENTED_EDGE('',*,*,#1243,.F.);
#516=ORIENTED_EDGE('',*,*,#1076,.F.);
#517=ORIENTED_EDGE('',*,*,#1244,.T.);
#518=ORIENTED_EDGE('',*,*,#1081,.T.);
#519=ORIENTED_EDGE('',*,*,#1245,.F.);
#520=ORIENTED_EDGE('',*,*,#1086,.F.);
#521=ORIENTED_EDGE('',*,*,#1246,.T.);
#522=ORIENTED_EDGE('',*,*,#1091,.T.);
#523=ORIENTED_EDGE('',*,*,#1247,.F.);
#524=ORIENTED_EDGE('',*,*,#1096,.F.);
#525=ORIENTED_EDGE('',*,*,#1248,.T.);
#526=ORIENTED_EDGE('',*,*,#1101,.T.);
#527=ORIENTED_EDGE('',*,*,#1249,.F.);
#528=ORIENTED_EDGE('',*,*,#1106,.F.);
#529=ORIENTED_EDGE('',*,*,#1250,.T.);
#530=ORIENTED_EDGE('',*,*,#1111,.T.);
#531=ORIENTED_EDGE('',*,*,#1251,.F.);
#532=ORIENTED_EDGE('',*,*,#1116,.F.);
#533=ORIENTED_EDGE('',*,*,#1252,.T.);
#534=ORIENTED_EDGE('',*,*,#1121,.T.);
#535=ORIENTED_EDGE('',*,*,#1253,.F.);
#536=ORIENTED_EDGE('',*,*,#1126,.F.);
#537=ORIENTED_EDGE('',*,*,#1254,.T.);
#538=ORIENTED_EDGE('',*,*,#1131,.T.);
#539=ORIENTED_EDGE('',*,*,#1255,.F.);
#540=ORIENTED_EDGE('',*,*,#1136,.F.);
#541=ORIENTED_EDGE('',*,*,#1256,.T.);
#542=ORIENTED_EDGE('',*,*,#1141,.T.);
#543=ORIENTED_EDGE('',*,*,#1257,.F.);
#544=ORIENTED_EDGE('',*,*,#1146,.F.);
#545=ORIENTED_EDGE('',*,*,#1258,.T.);
#546=ORIENTED_EDGE('',*,*,#1151,.T.);
#547=ORIENTED_EDGE('',*,*,#1259,.T.);
#548=ORIENTED_EDGE('',*,*,#1156,.F.);
#549=ORIENTED_EDGE('',*,*,#1260,.F.);
#550=ORIENTED_EDGE('',*,*,#1161,.T.);
#551=ORIENTED_EDGE('',*,*,#1261,.T.);
#552=ORIENTED_EDGE('',*,*,#1166,.F.);
#553=ORIENTED_EDGE('',*,*,#1262,.F.);
#554=ORIENTED_EDGE('',*,*,#1171,.T.);
#555=ORIENTED_EDGE('',*,*,#1263,.T.);
#556=ORIENTED_EDGE('',*,*,#1264,.F.);
#557=ORIENTED_EDGE('',*,*,#1265,.T.);
#558=ORIENTED_EDGE('',*,*,#1266,.F.);
#559=ORIENTED_EDGE('',*,*,#1267,.T.);
#560=ORIENTED_EDGE('',*,*,#1268,.F.);
#561=ORIENTED_EDGE('',*,*,#1269,.F.);
#562=ORIENTED_EDGE('',*,*,#1270,.T.);
#563=ORIENTED_EDGE('',*,*,#1271,.F.);
#564=ORIENTED_EDGE('',*,*,#1272,.T.);
#565=ORIENTED_EDGE('',*,*,#1273,.F.);
#566=ORIENTED_EDGE('',*,*,#1176,.F.);
#567=ORIENTED_EDGE('',*,*,#1274,.T.);
#568=ORIENTED_EDGE('',*,*,#1181,.T.);
#569=ORIENTED_EDGE('',*,*,#1275,.T.);
#570=ORIENTED_EDGE('',*,*,#1186,.F.);
#571=ORIENTED_EDGE('',*,*,#1276,.F.);
#572=ORIENTED_EDGE('',*,*,#1191,.T.);
#573=ORIENTED_EDGE('',*,*,#1277,.F.);
#574=ORIENTED_EDGE('',*,*,#1196,.F.);
#575=ORIENTED_EDGE('',*,*,#1278,.T.);
#576=ORIENTED_EDGE('',*,*,#1201,.T.);
#577=ORIENTED_EDGE('',*,*,#1279,.F.);
#578=ORIENTED_EDGE('',*,*,#866,.F.);
#579=ORIENTED_EDGE('',*,*,#1280,.T.);
#580=ORIENTED_EDGE('',*,*,#871,.T.);
#581=ORIENTED_EDGE('',*,*,#1195,.F.);
#582=ORIENTED_EDGE('',*,*,#1199,.T.);
#583=ORIENTED_EDGE('',*,*,#1202,.T.);
#584=ORIENTED_EDGE('',*,*,#1278,.F.);
#585=ORIENTED_EDGE('',*,*,#1185,.F.);
#586=ORIENTED_EDGE('',*,*,#1189,.F.);
#587=ORIENTED_EDGE('',*,*,#1192,.T.);
#588=ORIENTED_EDGE('',*,*,#1276,.T.);
#589=ORIENTED_EDGE('',*,*,#1175,.F.);
#590=ORIENTED_EDGE('',*,*,#1179,.T.);
#591=ORIENTED_EDGE('',*,*,#1182,.T.);
#592=ORIENTED_EDGE('',*,*,#1274,.F.);
#593=ORIENTED_EDGE('',*,*,#1271,.T.);
#594=ORIENTED_EDGE('',*,*,#1269,.T.);
#595=ORIENTED_EDGE('',*,*,#1267,.F.);
#596=ORIENTED_EDGE('',*,*,#1265,.F.);
#597=ORIENTED_EDGE('',*,*,#1263,.F.);
#598=ORIENTED_EDGE('',*,*,#1165,.T.);
#599=ORIENTED_EDGE('',*,*,#1169,.T.);
#600=ORIENTED_EDGE('',*,*,#1172,.T.);
#601=ORIENTED_EDGE('',*,*,#1262,.T.);
#602=ORIENTED_EDGE('',*,*,#1155,.F.);
#603=ORIENTED_EDGE('',*,*,#1159,.F.);
#604=ORIENTED_EDGE('',*,*,#1162,.F.);
#605=ORIENTED_EDGE('',*,*,#1260,.T.);
#606=ORIENTED_EDGE('',*,*,#1145,.F.);
#607=ORIENTED_EDGE('',*,*,#1149,.T.);
#608=ORIENTED_EDGE('',*,*,#1152,.T.);
#609=ORIENTED_EDGE('',*,*,#1258,.F.);
#610=ORIENTED_EDGE('',*,*,#1135,.F.);
#611=ORIENTED_EDGE('',*,*,#1139,.T.);
#612=ORIENTED_EDGE('',*,*,#1142,.T.);
#613=ORIENTED_EDGE('',*,*,#1256,.F.);
#614=ORIENTED_EDGE('',*,*,#1125,.F.);
#615=ORIENTED_EDGE('',*,*,#1129,.T.);
#616=ORIENTED_EDGE('',*,*,#1132,.T.);
#617=ORIENTED_EDGE('',*,*,#1254,.F.);
#618=ORIENTED_EDGE('',*,*,#1115,.F.);
#619=ORIENTED_EDGE('',*,*,#1119,.T.);
#620=ORIENTED_EDGE('',*,*,#1122,.T.);
#621=ORIENTED_EDGE('',*,*,#1252,.F.);
#622=ORIENTED_EDGE('',*,*,#1105,.F.);
#623=ORIENTED_EDGE('',*,*,#1109,.T.);
#624=ORIENTED_EDGE('',*,*,#1112,.T.);
#625=ORIENTED_EDGE('',*,*,#1250,.F.);
#626=ORIENTED_EDGE('',*,*,#1095,.F.);
#627=ORIENTED_EDGE('',*,*,#1099,.T.);
#628=ORIENTED_EDGE('',*,*,#1102,.T.);
#629=ORIENTED_EDGE('',*,*,#1248,.F.);
#630=ORIENTED_EDGE('',*,*,#1085,.F.);
#631=ORIENTED_EDGE('',*,*,#1089,.T.);
#632=ORIENTED_EDGE('',*,*,#1092,.T.);
#633=ORIENTED_EDGE('',*,*,#1246,.F.);
#634=ORIENTED_EDGE('',*,*,#1075,.F.);
#635=ORIENTED_EDGE('',*,*,#1079,.T.);
#636=ORIENTED_EDGE('',*,*,#1082,.T.);
#637=ORIENTED_EDGE('',*,*,#1244,.F.);
#638=ORIENTED_EDGE('',*,*,#1065,.F.);
#639=ORIENTED_EDGE('',*,*,#1069,.T.);
#640=ORIENTED_EDGE('',*,*,#1072,.T.);
#641=ORIENTED_EDGE('',*,*,#1242,.F.);
#642=ORIENTED_EDGE('',*,*,#1055,.F.);
#643=ORIENTED_EDGE('',*,*,#1059,.T.);
#644=ORIENTED_EDGE('',*,*,#1062,.T.);
#645=ORIENTED_EDGE('',*,*,#1240,.F.);
#646=ORIENTED_EDGE('',*,*,#1045,.F.);
#647=ORIENTED_EDGE('',*,*,#1049,.T.);
#648=ORIENTED_EDGE('',*,*,#1052,.T.);
#649=ORIENTED_EDGE('',*,*,#1238,.F.);
#650=ORIENTED_EDGE('',*,*,#1035,.F.);
#651=ORIENTED_EDGE('',*,*,#1039,.T.);
#652=ORIENTED_EDGE('',*,*,#1042,.T.);
#653=ORIENTED_EDGE('',*,*,#1236,.F.);
#654=ORIENTED_EDGE('',*,*,#1025,.F.);
#655=ORIENTED_EDGE('',*,*,#1029,.T.);
#656=ORIENTED_EDGE('',*,*,#1032,.T.);
#657=ORIENTED_EDGE('',*,*,#1234,.F.);
#658=ORIENTED_EDGE('',*,*,#1015,.F.);
#659=ORIENTED_EDGE('',*,*,#1019,.T.);
#660=ORIENTED_EDGE('',*,*,#1022,.T.);
#661=ORIENTED_EDGE('',*,*,#1232,.F.);
#662=ORIENTED_EDGE('',*,*,#1005,.F.);
#663=ORIENTED_EDGE('',*,*,#1009,.T.);
#664=ORIENTED_EDGE('',*,*,#1012,.T.);
#665=ORIENTED_EDGE('',*,*,#1230,.F.);
#666=ORIENTED_EDGE('',*,*,#995,.F.);
#667=ORIENTED_EDGE('',*,*,#999,.T.);
#668=ORIENTED_EDGE('',*,*,#1002,.T.);
#669=ORIENTED_EDGE('',*,*,#1228,.F.);
#670=ORIENTED_EDGE('',*,*,#985,.F.);
#671=ORIENTED_EDGE('',*,*,#989,.T.);
#672=ORIENTED_EDGE('',*,*,#992,.T.);
#673=ORIENTED_EDGE('',*,*,#1226,.F.);
#674=ORIENTED_EDGE('',*,*,#975,.F.);
#675=ORIENTED_EDGE('',*,*,#979,.T.);
#676=ORIENTED_EDGE('',*,*,#982,.T.);
#677=ORIENTED_EDGE('',*,*,#1224,.F.);
#678=ORIENTED_EDGE('',*,*,#965,.F.);
#679=ORIENTED_EDGE('',*,*,#969,.T.);
#680=ORIENTED_EDGE('',*,*,#972,.T.);
#681=ORIENTED_EDGE('',*,*,#1222,.F.);
#682=ORIENTED_EDGE('',*,*,#955,.F.);
#683=ORIENTED_EDGE('',*,*,#959,.T.);
#684=ORIENTED_EDGE('',*,*,#962,.T.);
#685=ORIENTED_EDGE('',*,*,#1220,.F.);
#686=ORIENTED_EDGE('',*,*,#945,.F.);
#687=ORIENTED_EDGE('',*,*,#949,.T.);
#688=ORIENTED_EDGE('',*,*,#952,.T.);
#689=ORIENTED_EDGE('',*,*,#1218,.F.);
#690=ORIENTED_EDGE('',*,*,#935,.F.);
#691=ORIENTED_EDGE('',*,*,#939,.T.);
#692=ORIENTED_EDGE('',*,*,#942,.T.);
#693=ORIENTED_EDGE('',*,*,#1216,.F.);
#694=ORIENTED_EDGE('',*,*,#925,.F.);
#695=ORIENTED_EDGE('',*,*,#929,.T.);
#696=ORIENTED_EDGE('',*,*,#932,.T.);
#697=ORIENTED_EDGE('',*,*,#1214,.F.);
#698=ORIENTED_EDGE('',*,*,#915,.F.);
#699=ORIENTED_EDGE('',*,*,#919,.T.);
#700=ORIENTED_EDGE('',*,*,#922,.T.);
#701=ORIENTED_EDGE('',*,*,#1212,.F.);
#702=ORIENTED_EDGE('',*,*,#905,.F.);
#703=ORIENTED_EDGE('',*,*,#909,.T.);
#704=ORIENTED_EDGE('',*,*,#912,.T.);
#705=ORIENTED_EDGE('',*,*,#1210,.F.);
#706=ORIENTED_EDGE('',*,*,#895,.F.);
#707=ORIENTED_EDGE('',*,*,#899,.T.);
#708=ORIENTED_EDGE('',*,*,#902,.T.);
#709=ORIENTED_EDGE('',*,*,#1208,.F.);
#710=ORIENTED_EDGE('',*,*,#885,.F.);
#711=ORIENTED_EDGE('',*,*,#889,.T.);
#712=ORIENTED_EDGE('',*,*,#892,.T.);
#713=ORIENTED_EDGE('',*,*,#1206,.F.);
#714=ORIENTED_EDGE('',*,*,#875,.F.);
#715=ORIENTED_EDGE('',*,*,#879,.T.);
#716=ORIENTED_EDGE('',*,*,#882,.T.);
#717=ORIENTED_EDGE('',*,*,#1204,.F.);
#718=ORIENTED_EDGE('',*,*,#865,.F.);
#719=ORIENTED_EDGE('',*,*,#869,.T.);
#720=ORIENTED_EDGE('',*,*,#872,.T.);
#721=ORIENTED_EDGE('',*,*,#1280,.F.);
#722=ORIENTED_EDGE('',*,*,#1193,.T.);
#723=ORIENTED_EDGE('',*,*,#1277,.T.);
#724=ORIENTED_EDGE('',*,*,#1200,.F.);
#725=ORIENTED_EDGE('',*,*,#1197,.F.);
#726=ORIENTED_EDGE('',*,*,#1183,.T.);
#727=ORIENTED_EDGE('',*,*,#1275,.F.);
#728=ORIENTED_EDGE('',*,*,#1190,.F.);
#729=ORIENTED_EDGE('',*,*,#1187,.T.);
#730=ORIENTED_EDGE('',*,*,#1173,.T.);
#731=ORIENTED_EDGE('',*,*,#1273,.T.);
#732=ORIENTED_EDGE('',*,*,#1180,.F.);
#733=ORIENTED_EDGE('',*,*,#1177,.F.);
#734=ORIENTED_EDGE('',*,*,#1272,.F.);
#735=ORIENTED_EDGE('',*,*,#1270,.F.);
#736=ORIENTED_EDGE('',*,*,#1268,.T.);
#737=ORIENTED_EDGE('',*,*,#1266,.T.);
#738=ORIENTED_EDGE('',*,*,#1264,.T.);
#739=ORIENTED_EDGE('',*,*,#1163,.F.);
#740=ORIENTED_EDGE('',*,*,#1261,.F.);
#741=ORIENTED_EDGE('',*,*,#1170,.F.);
#742=ORIENTED_EDGE('',*,*,#1167,.F.);
#743=ORIENTED_EDGE('',*,*,#1153,.T.);
#744=ORIENTED_EDGE('',*,*,#1259,.F.);
#745=ORIENTED_EDGE('',*,*,#1160,.T.);
#746=ORIENTED_EDGE('',*,*,#1157,.T.);
#747=ORIENTED_EDGE('',*,*,#1143,.T.);
#748=ORIENTED_EDGE('',*,*,#1257,.T.);
#749=ORIENTED_EDGE('',*,*,#1150,.F.);
#750=ORIENTED_EDGE('',*,*,#1147,.F.);
#751=ORIENTED_EDGE('',*,*,#1133,.T.);
#752=ORIENTED_EDGE('',*,*,#1255,.T.);
#753=ORIENTED_EDGE('',*,*,#1140,.F.);
#754=ORIENTED_EDGE('',*,*,#1137,.F.);
#755=ORIENTED_EDGE('',*,*,#1123,.T.);
#756=ORIENTED_EDGE('',*,*,#1253,.T.);
#757=ORIENTED_EDGE('',*,*,#1130,.F.);
#758=ORIENTED_EDGE('',*,*,#1127,.F.);
#759=ORIENTED_EDGE('',*,*,#1113,.T.);
#760=ORIENTED_EDGE('',*,*,#1251,.T.);
#761=ORIENTED_EDGE('',*,*,#1120,.F.);
#762=ORIENTED_EDGE('',*,*,#1117,.F.);
#763=ORIENTED_EDGE('',*,*,#1103,.T.);
#764=ORIENTED_EDGE('',*,*,#1249,.T.);
#765=ORIENTED_EDGE('',*,*,#1110,.F.);
#766=ORIENTED_EDGE('',*,*,#1107,.F.);
#767=ORIENTED_EDGE('',*,*,#1093,.T.);
#768=ORIENTED_EDGE('',*,*,#1247,.T.);
#769=ORIENTED_EDGE('',*,*,#1100,.F.);
#770=ORIENTED_EDGE('',*,*,#1097,.F.);
#771=ORIENTED_EDGE('',*,*,#1083,.T.);
#772=ORIENTED_EDGE('',*,*,#1245,.T.);
#773=ORIENTED_EDGE('',*,*,#1090,.F.);
#774=ORIENTED_EDGE('',*,*,#1087,.F.);
#775=ORIENTED_EDGE('',*,*,#1073,.T.);
#776=ORIENTED_EDGE('',*,*,#1243,.T.);
#777=ORIENTED_EDGE('',*,*,#1080,.F.);
#778=ORIENTED_EDGE('',*,*,#1077,.F.);
#779=ORIENTED_EDGE('',*,*,#1063,.T.);
#780=ORIENTED_EDGE('',*,*,#1241,.T.);
#781=ORIENTED_EDGE('',*,*,#1070,.F.);
#782=ORIENTED_EDGE('',*,*,#1067,.F.);
#783=ORIENTED_EDGE('',*,*,#1053,.T.);
#784=ORIENTED_EDGE('',*,*,#1239,.T.);
#785=ORIENTED_EDGE('',*,*,#1060,.F.);
#786=ORIENTED_EDGE('',*,*,#1057,.F.);
#787=ORIENTED_EDGE('',*,*,#1043,.T.);
#788=ORIENTED_EDGE('',*,*,#1237,.T.);
#789=ORIENTED_EDGE('',*,*,#1050,.F.);
#790=ORIENTED_EDGE('',*,*,#1047,.F.);
#791=ORIENTED_EDGE('',*,*,#1033,.T.);
#792=ORIENTED_EDGE('',*,*,#1235,.T.);
#793=ORIENTED_EDGE('',*,*,#1040,.F.);
#794=ORIENTED_EDGE('',*,*,#1037,.F.);
#795=ORIENTED_EDGE('',*,*,#1023,.T.);
#796=ORIENTED_EDGE('',*,*,#1233,.T.);
#797=ORIENTED_EDGE('',*,*,#1030,.F.);
#798=ORIENTED_EDGE('',*,*,#1027,.F.);
#799=ORIENTED_EDGE('',*,*,#1013,.T.);
#800=ORIENTED_EDGE('',*,*,#1231,.T.);
#801=ORIENTED_EDGE('',*,*,#1020,.F.);
#802=ORIENTED_EDGE('',*,*,#1017,.F.);
#803=ORIENTED_EDGE('',*,*,#1003,.T.);
#804=ORIENTED_EDGE('',*,*,#1229,.T.);
#805=ORIENTED_EDGE('',*,*,#1010,.F.);
#806=ORIENTED_EDGE('',*,*,#1007,.F.);
#807=ORIENTED_EDGE('',*,*,#993,.T.);
#808=ORIENTED_EDGE('',*,*,#1227,.T.);
#809=ORIENTED_EDGE('',*,*,#1000,.F.);
#810=ORIENTED_EDGE('',*,*,#997,.F.);
#811=ORIENTED_EDGE('',*,*,#983,.T.);
#812=ORIENTED_EDGE('',*,*,#1225,.T.);
#813=ORIENTED_EDGE('',*,*,#990,.F.);
#814=ORIENTED_EDGE('',*,*,#987,.F.);
#815=ORIENTED_EDGE('',*,*,#973,.T.);
#816=ORIENTED_EDGE('',*,*,#1223,.T.);
#817=ORIENTED_EDGE('',*,*,#980,.F.);
#818=ORIENTED_EDGE('',*,*,#977,.F.);
#819=ORIENTED_EDGE('',*,*,#963,.T.);
#820=ORIENTED_EDGE('',*,*,#1221,.T.);
#821=ORIENTED_EDGE('',*,*,#970,.F.);
#822=ORIENTED_EDGE('',*,*,#967,.F.);
#823=ORIENTED_EDGE('',*,*,#953,.T.);
#824=ORIENTED_EDGE('',*,*,#1219,.T.);
#825=ORIENTED_EDGE('',*,*,#960,.F.);
#826=ORIENTED_EDGE('',*,*,#957,.F.);
#827=ORIENTED_EDGE('',*,*,#943,.T.);
#828=ORIENTED_EDGE('',*,*,#1217,.T.);
#829=ORIENTED_EDGE('',*,*,#950,.F.);
#830=ORIENTED_EDGE('',*,*,#947,.F.);
#831=ORIENTED_EDGE('',*,*,#933,.T.);
#832=ORIENTED_EDGE('',*,*,#1215,.T.);
#833=ORIENTED_EDGE('',*,*,#940,.F.);
#834=ORIENTED_EDGE('',*,*,#937,.F.);
#835=ORIENTED_EDGE('',*,*,#923,.T.);
#836=ORIENTED_EDGE('',*,*,#1213,.T.);
#837=ORIENTED_EDGE('',*,*,#930,.F.);
#838=ORIENTED_EDGE('',*,*,#927,.F.);
#839=ORIENTED_EDGE('',*,*,#913,.T.);
#840=ORIENTED_EDGE('',*,*,#1211,.T.);
#841=ORIENTED_EDGE('',*,*,#920,.F.);
#842=ORIENTED_EDGE('',*,*,#917,.F.);
#843=ORIENTED_EDGE('',*,*,#903,.T.);
#844=ORIENTED_EDGE('',*,*,#1209,.T.);
#845=ORIENTED_EDGE('',*,*,#910,.F.);
#846=ORIENTED_EDGE('',*,*,#907,.F.);
#847=ORIENTED_EDGE('',*,*,#893,.T.);
#848=ORIENTED_EDGE('',*,*,#1207,.T.);
#849=ORIENTED_EDGE('',*,*,#900,.F.);
#850=ORIENTED_EDGE('',*,*,#897,.F.);
#851=ORIENTED_EDGE('',*,*,#883,.T.);
#852=ORIENTED_EDGE('',*,*,#1205,.T.);
#853=ORIENTED_EDGE('',*,*,#890,.F.);
#854=ORIENTED_EDGE('',*,*,#887,.F.);
#855=ORIENTED_EDGE('',*,*,#873,.T.);
#856=ORIENTED_EDGE('',*,*,#1203,.T.);
#857=ORIENTED_EDGE('',*,*,#880,.F.);
#858=ORIENTED_EDGE('',*,*,#877,.F.);
#859=ORIENTED_EDGE('',*,*,#863,.T.);
#860=ORIENTED_EDGE('',*,*,#1279,.T.);
#861=ORIENTED_EDGE('',*,*,#870,.F.);
#862=ORIENTED_EDGE('',*,*,#867,.F.);
#863=EDGE_CURVE('',#1281,#1282,#1563,.T.);
#864=EDGE_CURVE('',#1283,#1281,#1564,.T.);
#865=EDGE_CURVE('',#1283,#1284,#1565,.T.);
#866=EDGE_CURVE('',#1284,#1282,#1566,.T.);
#867=EDGE_CURVE('',#1281,#1285,#1567,.T.);
#868=EDGE_CURVE('',#1286,#1285,#1568,.T.);
#869=EDGE_CURVE('',#1283,#1286,#1569,.T.);
#870=EDGE_CURVE('',#1285,#1287,#1570,.T.);
#871=EDGE_CURVE('',#1288,#1287,#1571,.T.);
#872=EDGE_CURVE('',#1286,#1288,#1572,.T.);
#873=EDGE_CURVE('',#1289,#1290,#1573,.T.);
#874=EDGE_CURVE('',#1291,#1289,#1574,.T.);
#875=EDGE_CURVE('',#1291,#1292,#1575,.T.);
#876=EDGE_CURVE('',#1292,#1290,#1576,.T.);
#877=EDGE_CURVE('',#1289,#1293,#1577,.T.);
#878=EDGE_CURVE('',#1294,#1293,#1578,.T.);
#879=EDGE_CURVE('',#1291,#1294,#1579,.T.);
#880=EDGE_CURVE('',#1293,#1295,#1580,.T.);
#881=EDGE_CURVE('',#1296,#1295,#1581,.T.);
#882=EDGE_CURVE('',#1294,#1296,#1582,.T.);
#883=EDGE_CURVE('',#1297,#1298,#1583,.T.);
#884=EDGE_CURVE('',#1299,#1297,#1584,.T.);
#885=EDGE_CURVE('',#1299,#1300,#1585,.T.);
#886=EDGE_CURVE('',#1300,#1298,#1586,.T.);
#887=EDGE_CURVE('',#1297,#1301,#1587,.T.);
#888=EDGE_CURVE('',#1302,#1301,#1588,.T.);
#889=EDGE_CURVE('',#1299,#1302,#1589,.T.);
#890=EDGE_CURVE('',#1301,#1303,#1590,.T.);
#891=EDGE_CURVE('',#1304,#1303,#1591,.T.);
#892=EDGE_CURVE('',#1302,#1304,#1592,.T.);
#893=EDGE_CURVE('',#1305,#1306,#1593,.T.);
#894=EDGE_CURVE('',#1307,#1305,#1594,.T.);
#895=EDGE_CURVE('',#1307,#1308,#1595,.T.);
#896=EDGE_CURVE('',#1308,#1306,#1596,.T.);
#897=EDGE_CURVE('',#1305,#1309,#1597,.T.);
#898=EDGE_CURVE('',#1310,#1309,#1598,.T.);
#899=EDGE_CURVE('',#1307,#1310,#1599,.T.);
#900=EDGE_CURVE('',#1309,#1311,#1600,.T.);
#901=EDGE_CURVE('',#1312,#1311,#1601,.T.);
#902=EDGE_CURVE('',#1310,#1312,#1602,.T.);
#903=EDGE_CURVE('',#1313,#1314,#1603,.T.);
#904=EDGE_CURVE('',#1315,#1313,#1604,.T.);
#905=EDGE_CURVE('',#1315,#1316,#1605,.T.);
#906=EDGE_CURVE('',#1316,#1314,#1606,.T.);
#907=EDGE_CURVE('',#1313,#1317,#1607,.T.);
#908=EDGE_CURVE('',#1318,#1317,#1608,.T.);
#909=EDGE_CURVE('',#1315,#1318,#1609,.T.);
#910=EDGE_CURVE('',#1317,#1319,#1610,.T.);
#911=EDGE_CURVE('',#1320,#1319,#1611,.T.);
#912=EDGE_CURVE('',#1318,#1320,#1612,.T.);
#913=EDGE_CURVE('',#1321,#1322,#1613,.T.);
#914=EDGE_CURVE('',#1323,#1321,#1614,.T.);
#915=EDGE_CURVE('',#1323,#1324,#1615,.T.);
#916=EDGE_CURVE('',#1324,#1322,#1616,.T.);
#917=EDGE_CURVE('',#1321,#1325,#1617,.T.);
#918=EDGE_CURVE('',#1326,#1325,#1618,.T.);
#919=EDGE_CURVE('',#1323,#1326,#1619,.T.);
#920=EDGE_CURVE('',#1325,#1327,#1620,.T.);
#921=EDGE_CURVE('',#1328,#1327,#1621,.T.);
#922=EDGE_CURVE('',#1326,#1328,#1622,.T.);
#923=EDGE_CURVE('',#1329,#1330,#1623,.T.);
#924=EDGE_CURVE('',#1331,#1329,#1624,.T.);
#925=EDGE_CURVE('',#1331,#1332,#1625,.T.);
#926=EDGE_CURVE('',#1332,#1330,#1626,.T.);
#927=EDGE_CURVE('',#1329,#1333,#1627,.T.);
#928=EDGE_CURVE('',#1334,#1333,#1628,.T.);
#929=EDGE_CURVE('',#1331,#1334,#1629,.T.);
#930=EDGE_CURVE('',#1333,#1335,#1630,.T.);
#931=EDGE_CURVE('',#1336,#1335,#1631,.T.);
#932=EDGE_CURVE('',#1334,#1336,#1632,.T.);
#933=EDGE_CURVE('',#1337,#1338,#1633,.T.);
#934=EDGE_CURVE('',#1339,#1337,#1634,.T.);
#935=EDGE_CURVE('',#1339,#1340,#1635,.T.);
#936=EDGE_CURVE('',#1340,#1338,#1636,.T.);
#937=EDGE_CURVE('',#1337,#1341,#1637,.T.);
#938=EDGE_CURVE('',#1342,#1341,#1638,.T.);
#939=EDGE_CURVE('',#1339,#1342,#1639,.T.);
#940=EDGE_CURVE('',#1341,#1343,#1640,.T.);
#941=EDGE_CURVE('',#1344,#1343,#1641,.T.);
#942=EDGE_CURVE('',#1342,#1344,#1642,.T.);
#943=EDGE_CURVE('',#1345,#1346,#1643,.T.);
#944=EDGE_CURVE('',#1347,#1345,#1644,.T.);
#945=EDGE_CURVE('',#1347,#1348,#1645,.T.);
#946=EDGE_CURVE('',#1348,#1346,#1646,.T.);
#947=EDGE_CURVE('',#1345,#1349,#1647,.T.);
#948=EDGE_CURVE('',#1350,#1349,#1648,.T.);
#949=EDGE_CURVE('',#1347,#1350,#1649,.T.);
#950=EDGE_CURVE('',#1349,#1351,#1650,.T.);
#951=EDGE_CURVE('',#1352,#1351,#1651,.T.);
#952=EDGE_CURVE('',#1350,#1352,#1652,.T.);
#953=EDGE_CURVE('',#1353,#1354,#1653,.T.);
#954=EDGE_CURVE('',#1355,#1353,#1654,.T.);
#955=EDGE_CURVE('',#1355,#1356,#1655,.T.);
#956=EDGE_CURVE('',#1356,#1354,#1656,.T.);
#957=EDGE_CURVE('',#1353,#1357,#1657,.T.);
#958=EDGE_CURVE('',#1358,#1357,#1658,.T.);
#959=EDGE_CURVE('',#1355,#1358,#1659,.T.);
#960=EDGE_CURVE('',#1357,#1359,#1660,.T.);
#961=EDGE_CURVE('',#1360,#1359,#1661,.T.);
#962=EDGE_CURVE('',#1358,#1360,#1662,.T.);
#963=EDGE_CURVE('',#1361,#1362,#1663,.T.);
#964=EDGE_CURVE('',#1363,#1361,#1664,.T.);
#965=EDGE_CURVE('',#1363,#1364,#1665,.T.);
#966=EDGE_CURVE('',#1364,#1362,#1666,.T.);
#967=EDGE_CURVE('',#1361,#1365,#1667,.T.);
#968=EDGE_CURVE('',#1366,#1365,#1668,.T.);
#969=EDGE_CURVE('',#1363,#1366,#1669,.T.);
#970=EDGE_CURVE('',#1365,#1367,#1670,.T.);
#971=EDGE_CURVE('',#1368,#1367,#1671,.T.);
#972=EDGE_CURVE('',#1366,#1368,#1672,.T.);
#973=EDGE_CURVE('',#1369,#1370,#1673,.T.);
#974=EDGE_CURVE('',#1371,#1369,#1674,.T.);
#975=EDGE_CURVE('',#1371,#1372,#1675,.T.);
#976=EDGE_CURVE('',#1372,#1370,#1676,.T.);
#977=EDGE_CURVE('',#1369,#1373,#1677,.T.);
#978=EDGE_CURVE('',#1374,#1373,#1678,.T.);
#979=EDGE_CURVE('',#1371,#1374,#1679,.T.);
#980=EDGE_CURVE('',#1373,#1375,#1680,.T.);
#981=EDGE_CURVE('',#1376,#1375,#1681,.T.);
#982=EDGE_CURVE('',#1374,#1376,#1682,.T.);
#983=EDGE_CURVE('',#1377,#1378,#1683,.T.);
#984=EDGE_CURVE('',#1379,#1377,#1684,.T.);
#985=EDGE_CURVE('',#1379,#1380,#1685,.T.);
#986=EDGE_CURVE('',#1380,#1378,#1686,.T.);
#987=EDGE_CURVE('',#1377,#1381,#1687,.T.);
#988=EDGE_CURVE('',#1382,#1381,#1688,.T.);
#989=EDGE_CURVE('',#1379,#1382,#1689,.T.);
#990=EDGE_CURVE('',#1381,#1383,#1690,.T.);
#991=EDGE_CURVE('',#1384,#1383,#1691,.T.);
#992=EDGE_CURVE('',#1382,#1384,#1692,.T.);
#993=EDGE_CURVE('',#1385,#1386,#1693,.T.);
#994=EDGE_CURVE('',#1387,#1385,#1694,.T.);
#995=EDGE_CURVE('',#1387,#1388,#1695,.T.);
#996=EDGE_CURVE('',#1388,#1386,#1696,.T.);
#997=EDGE_CURVE('',#1385,#1389,#1697,.T.);
#998=EDGE_CURVE('',#1390,#1389,#1698,.T.);
#999=EDGE_CURVE('',#1387,#1390,#1699,.T.);
#1000=EDGE_CURVE('',#1389,#1391,#1700,.T.);
#1001=EDGE_CURVE('',#1392,#1391,#1701,.T.);
#1002=EDGE_CURVE('',#1390,#1392,#1702,.T.);
#1003=EDGE_CURVE('',#1393,#1394,#1703,.T.);
#1004=EDGE_CURVE('',#1395,#1393,#1704,.T.);
#1005=EDGE_CURVE('',#1395,#1396,#1705,.T.);
#1006=EDGE_CURVE('',#1396,#1394,#1706,.T.);
#1007=EDGE_CURVE('',#1393,#1397,#1707,.T.);
#1008=EDGE_CURVE('',#1398,#1397,#1708,.T.);
#1009=EDGE_CURVE('',#1395,#1398,#1709,.T.);
#1010=EDGE_CURVE('',#1397,#1399,#1710,.T.);
#1011=EDGE_CURVE('',#1400,#1399,#1711,.T.);
#1012=EDGE_CURVE('',#1398,#1400,#1712,.T.);
#1013=EDGE_CURVE('',#1401,#1402,#1713,.T.);
#1014=EDGE_CURVE('',#1403,#1401,#1714,.T.);
#1015=EDGE_CURVE('',#1403,#1404,#1715,.T.);
#1016=EDGE_CURVE('',#1404,#1402,#1716,.T.);
#1017=EDGE_CURVE('',#1401,#1405,#1717,.T.);
#1018=EDGE_CURVE('',#1406,#1405,#1718,.T.);
#1019=EDGE_CURVE('',#1403,#1406,#1719,.T.);
#1020=EDGE_CURVE('',#1405,#1407,#1720,.T.);
#1021=EDGE_CURVE('',#1408,#1407,#1721,.T.);
#1022=EDGE_CURVE('',#1406,#1408,#1722,.T.);
#1023=EDGE_CURVE('',#1409,#1410,#1723,.T.);
#1024=EDGE_CURVE('',#1411,#1409,#1724,.T.);
#1025=EDGE_CURVE('',#1411,#1412,#1725,.T.);
#1026=EDGE_CURVE('',#1412,#1410,#1726,.T.);
#1027=EDGE_CURVE('',#1409,#1413,#1727,.T.);
#1028=EDGE_CURVE('',#1414,#1413,#1728,.T.);
#1029=EDGE_CURVE('',#1411,#1414,#1729,.T.);
#1030=EDGE_CURVE('',#1413,#1415,#1730,.T.);
#1031=EDGE_CURVE('',#1416,#1415,#1731,.T.);
#1032=EDGE_CURVE('',#1414,#1416,#1732,.T.);
#1033=EDGE_CURVE('',#1417,#1418,#1733,.T.);
#1034=EDGE_CURVE('',#1419,#1417,#1734,.T.);
#1035=EDGE_CURVE('',#1419,#1420,#1735,.T.);
#1036=EDGE_CURVE('',#1420,#1418,#1736,.T.);
#1037=EDGE_CURVE('',#1417,#1421,#1737,.T.);
#1038=EDGE_CURVE('',#1422,#1421,#1738,.T.);
#1039=EDGE_CURVE('',#1419,#1422,#1739,.T.);
#1040=EDGE_CURVE('',#1421,#1423,#1740,.T.);
#1041=EDGE_CURVE('',#1424,#1423,#1741,.T.);
#1042=EDGE_CURVE('',#1422,#1424,#1742,.T.);
#1043=EDGE_CURVE('',#1425,#1426,#1743,.T.);
#1044=EDGE_CURVE('',#1427,#1425,#1744,.T.);
#1045=EDGE_CURVE('',#1427,#1428,#1745,.T.);
#1046=EDGE_CURVE('',#1428,#1426,#1746,.T.);
#1047=EDGE_CURVE('',#1425,#1429,#1747,.T.);
#1048=EDGE_CURVE('',#1430,#1429,#1748,.T.);
#1049=EDGE_CURVE('',#1427,#1430,#1749,.T.);
#1050=EDGE_CURVE('',#1429,#1431,#1750,.T.);
#1051=EDGE_CURVE('',#1432,#1431,#1751,.T.);
#1052=EDGE_CURVE('',#1430,#1432,#1752,.T.);
#1053=EDGE_CURVE('',#1433,#1434,#1753,.T.);
#1054=EDGE_CURVE('',#1435,#1433,#1754,.T.);
#1055=EDGE_CURVE('',#1435,#1436,#1755,.T.);
#1056=EDGE_CURVE('',#1436,#1434,#1756,.T.);
#1057=EDGE_CURVE('',#1433,#1437,#1757,.T.);
#1058=EDGE_CURVE('',#1438,#1437,#1758,.T.);
#1059=EDGE_CURVE('',#1435,#1438,#1759,.T.);
#1060=EDGE_CURVE('',#1437,#1439,#1760,.T.);
#1061=EDGE_CURVE('',#1440,#1439,#1761,.T.);
#1062=EDGE_CURVE('',#1438,#1440,#1762,.T.);
#1063=EDGE_CURVE('',#1441,#1442,#1763,.T.);
#1064=EDGE_CURVE('',#1443,#1441,#1764,.T.);
#1065=EDGE_CURVE('',#1443,#1444,#1765,.T.);
#1066=EDGE_CURVE('',#1444,#1442,#1766,.T.);
#1067=EDGE_CURVE('',#1441,#1445,#1767,.T.);
#1068=EDGE_CURVE('',#1446,#1445,#1768,.T.);
#1069=EDGE_CURVE('',#1443,#1446,#1769,.T.);
#1070=EDGE_CURVE('',#1445,#1447,#1770,.T.);
#1071=EDGE_CURVE('',#1448,#1447,#1771,.T.);
#1072=EDGE_CURVE('',#1446,#1448,#1772,.T.);
#1073=EDGE_CURVE('',#1449,#1450,#1773,.T.);
#1074=EDGE_CURVE('',#1451,#1449,#1774,.T.);
#1075=EDGE_CURVE('',#1451,#1452,#1775,.T.);
#1076=EDGE_CURVE('',#1452,#1450,#1776,.T.);
#1077=EDGE_CURVE('',#1449,#1453,#1777,.T.);
#1078=EDGE_CURVE('',#1454,#1453,#1778,.T.);
#1079=EDGE_CURVE('',#1451,#1454,#1779,.T.);
#1080=EDGE_CURVE('',#1453,#1455,#1780,.T.);
#1081=EDGE_CURVE('',#1456,#1455,#1781,.T.);
#1082=EDGE_CURVE('',#1454,#1456,#1782,.T.);
#1083=EDGE_CURVE('',#1457,#1458,#1783,.T.);
#1084=EDGE_CURVE('',#1459,#1457,#1784,.T.);
#1085=EDGE_CURVE('',#1459,#1460,#1785,.T.);
#1086=EDGE_CURVE('',#1460,#1458,#1786,.T.);
#1087=EDGE_CURVE('',#1457,#1461,#1787,.T.);
#1088=EDGE_CURVE('',#1462,#1461,#1788,.T.);
#1089=EDGE_CURVE('',#1459,#1462,#1789,.T.);
#1090=EDGE_CURVE('',#1461,#1463,#1790,.T.);
#1091=EDGE_CURVE('',#1464,#1463,#1791,.T.);
#1092=EDGE_CURVE('',#1462,#1464,#1792,.T.);
#1093=EDGE_CURVE('',#1465,#1466,#1793,.T.);
#1094=EDGE_CURVE('',#1467,#1465,#1794,.T.);
#1095=EDGE_CURVE('',#1467,#1468,#1795,.T.);
#1096=EDGE_CURVE('',#1468,#1466,#1796,.T.);
#1097=EDGE_CURVE('',#1465,#1469,#1797,.T.);
#1098=EDGE_CURVE('',#1470,#1469,#1798,.T.);
#1099=EDGE_CURVE('',#1467,#1470,#1799,.T.);
#1100=EDGE_CURVE('',#1469,#1471,#1800,.T.);
#1101=EDGE_CURVE('',#1472,#1471,#1801,.T.);
#1102=EDGE_CURVE('',#1470,#1472,#1802,.T.);
#1103=EDGE_CURVE('',#1473,#1474,#1803,.T.);
#1104=EDGE_CURVE('',#1475,#1473,#1804,.T.);
#1105=EDGE_CURVE('',#1475,#1476,#1805,.T.);
#1106=EDGE_CURVE('',#1476,#1474,#1806,.T.);
#1107=EDGE_CURVE('',#1473,#1477,#1807,.T.);
#1108=EDGE_CURVE('',#1478,#1477,#1808,.T.);
#1109=EDGE_CURVE('',#1475,#1478,#1809,.T.);
#1110=EDGE_CURVE('',#1477,#1479,#1810,.T.);
#1111=EDGE_CURVE('',#1480,#1479,#1811,.T.);
#1112=EDGE_CURVE('',#1478,#1480,#1812,.T.);
#1113=EDGE_CURVE('',#1481,#1482,#1813,.T.);
#1114=EDGE_CURVE('',#1483,#1481,#1814,.T.);
#1115=EDGE_CURVE('',#1483,#1484,#1815,.T.);
#1116=EDGE_CURVE('',#1484,#1482,#1816,.T.);
#1117=EDGE_CURVE('',#1481,#1485,#1817,.T.);
#1118=EDGE_CURVE('',#1486,#1485,#1818,.T.);
#1119=EDGE_CURVE('',#1483,#1486,#1819,.T.);
#1120=EDGE_CURVE('',#1485,#1487,#1820,.T.);
#1121=EDGE_CURVE('',#1488,#1487,#1821,.T.);
#1122=EDGE_CURVE('',#1486,#1488,#1822,.T.);
#1123=EDGE_CURVE('',#1489,#1490,#1823,.T.);
#1124=EDGE_CURVE('',#1491,#1489,#1824,.T.);
#1125=EDGE_CURVE('',#1491,#1492,#1825,.T.);
#1126=EDGE_CURVE('',#1492,#1490,#1826,.T.);
#1127=EDGE_CURVE('',#1489,#1493,#1827,.T.);
#1128=EDGE_CURVE('',#1494,#1493,#1828,.T.);
#1129=EDGE_CURVE('',#1491,#1494,#1829,.T.);
#1130=EDGE_CURVE('',#1493,#1495,#1830,.T.);
#1131=EDGE_CURVE('',#1496,#1495,#1831,.T.);
#1132=EDGE_CURVE('',#1494,#1496,#1832,.T.);
#1133=EDGE_CURVE('',#1497,#1498,#1833,.T.);
#1134=EDGE_CURVE('',#1499,#1497,#1834,.T.);
#1135=EDGE_CURVE('',#1499,#1500,#1835,.T.);
#1136=EDGE_CURVE('',#1500,#1498,#1836,.T.);
#1137=EDGE_CURVE('',#1497,#1501,#1837,.T.);
#1138=EDGE_CURVE('',#1502,#1501,#1838,.T.);
#1139=EDGE_CURVE('',#1499,#1502,#1839,.T.);
#1140=EDGE_CURVE('',#1501,#1503,#1840,.T.);
#1141=EDGE_CURVE('',#1504,#1503,#1841,.T.);
#1142=EDGE_CURVE('',#1502,#1504,#1842,.T.);
#1143=EDGE_CURVE('',#1505,#1506,#1843,.T.);
#1144=EDGE_CURVE('',#1507,#1505,#1844,.T.);
#1145=EDGE_CURVE('',#1507,#1508,#1845,.T.);
#1146=EDGE_CURVE('',#1508,#1506,#1846,.T.);
#1147=EDGE_CURVE('',#1505,#1509,#1847,.T.);
#1148=EDGE_CURVE('',#1510,#1509,#1848,.T.);
#1149=EDGE_CURVE('',#1507,#1510,#1849,.T.);
#1150=EDGE_CURVE('',#1509,#1511,#1850,.T.);
#1151=EDGE_CURVE('',#1512,#1511,#1851,.T.);
#1152=EDGE_CURVE('',#1510,#1512,#1852,.T.);
#1153=EDGE_CURVE('',#1513,#1514,#1853,.T.);
#1154=EDGE_CURVE('',#1515,#1513,#1854,.T.);
#1155=EDGE_CURVE('',#1515,#1516,#1855,.T.);
#1156=EDGE_CURVE('',#1516,#1514,#1856,.T.);
#1157=EDGE_CURVE('',#1517,#1513,#1857,.T.);
#1158=EDGE_CURVE('',#1518,#1517,#1858,.T.);
#1159=EDGE_CURVE('',#1518,#1515,#1859,.T.);
#1160=EDGE_CURVE('',#1519,#1517,#1860,.T.);
#1161=EDGE_CURVE('',#1520,#1519,#1861,.T.);
#1162=EDGE_CURVE('',#1520,#1518,#1862,.T.);
#1163=EDGE_CURVE('',#1521,#1522,#1863,.T.);
#1164=EDGE_CURVE('',#1523,#1522,#1864,.T.);
#1165=EDGE_CURVE('',#1524,#1523,#1865,.T.);
#1166=EDGE_CURVE('',#1524,#1521,#1866,.T.);
#1167=EDGE_CURVE('',#1522,#1525,#1867,.T.);
#1168=EDGE_CURVE('',#1526,#1525,#1868,.T.);
#1169=EDGE_CURVE('',#1523,#1526,#1869,.T.);
#1170=EDGE_CURVE('',#1525,#1527,#1870,.T.);
#1171=EDGE_CURVE('',#1528,#1527,#1871,.T.);
#1172=EDGE_CURVE('',#1526,#1528,#1872,.T.);
#1173=EDGE_CURVE('',#1529,#1530,#1873,.T.);
#1174=EDGE_CURVE('',#1531,#1529,#1874,.T.);
#1175=EDGE_CURVE('',#1531,#1532,#1875,.T.);
#1176=EDGE_CURVE('',#1532,#1530,#1876,.T.);
#1177=EDGE_CURVE('',#1529,#1533,#1877,.T.);
#1178=EDGE_CURVE('',#1534,#1533,#1878,.T.);
#1179=EDGE_CURVE('',#1531,#1534,#1879,.T.);
#1180=EDGE_CURVE('',#1533,#1535,#1880,.T.);
#1181=EDGE_CURVE('',#1536,#1535,#1881,.T.);
#1182=EDGE_CURVE('',#1534,#1536,#1882,.T.);
#1183=EDGE_CURVE('',#1537,#1538,#1883,.T.);
#1184=EDGE_CURVE('',#1539,#1537,#1884,.T.);
#1185=EDGE_CURVE('',#1539,#1540,#1885,.T.);
#1186=EDGE_CURVE('',#1540,#1538,#1886,.T.);
#1187=EDGE_CURVE('',#1541,#1537,#1887,.T.);
#1188=EDGE_CURVE('',#1542,#1541,#1888,.T.);
#1189=EDGE_CURVE('',#1542,#1539,#1889,.T.);
#1190=EDGE_CURVE('',#1541,#1543,#1890,.T.);
#1191=EDGE_CURVE('',#1544,#1543,#1891,.T.);
#1192=EDGE_CURVE('',#1542,#1544,#1892,.T.);
#1193=EDGE_CURVE('',#1545,#1546,#1893,.T.);
#1194=EDGE_CURVE('',#1547,#1545,#1894,.T.);
#1195=EDGE_CURVE('',#1547,#1548,#1895,.T.);
#1196=EDGE_CURVE('',#1548,#1546,#1896,.T.);
#1197=EDGE_CURVE('',#1545,#1549,#1897,.T.);
#1198=EDGE_CURVE('',#1550,#1549,#1898,.T.);
#1199=EDGE_CURVE('',#1547,#1550,#1899,.T.);
#1200=EDGE_CURVE('',#1549,#1551,#1900,.T.);
#1201=EDGE_CURVE('',#1552,#1551,#1901,.T.);
#1202=EDGE_CURVE('',#1550,#1552,#1902,.T.);
#1203=EDGE_CURVE('',#1290,#1295,#1903,.T.);
#1204=EDGE_CURVE('',#1292,#1296,#1904,.T.);
#1205=EDGE_CURVE('',#1298,#1303,#1905,.T.);
#1206=EDGE_CURVE('',#1300,#1304,#1906,.T.);
#1207=EDGE_CURVE('',#1306,#1311,#1907,.T.);
#1208=EDGE_CURVE('',#1308,#1312,#1908,.T.);
#1209=EDGE_CURVE('',#1314,#1319,#1909,.T.);
#1210=EDGE_CURVE('',#1316,#1320,#1910,.T.);
#1211=EDGE_CURVE('',#1322,#1327,#1911,.T.);
#1212=EDGE_CURVE('',#1324,#1328,#1912,.T.);
#1213=EDGE_CURVE('',#1330,#1335,#1913,.T.);
#1214=EDGE_CURVE('',#1332,#1336,#1914,.T.);
#1215=EDGE_CURVE('',#1338,#1343,#1915,.T.);
#1216=EDGE_CURVE('',#1340,#1344,#1916,.T.);
#1217=EDGE_CURVE('',#1346,#1351,#1917,.T.);
#1218=EDGE_CURVE('',#1348,#1352,#1918,.T.);
#1219=EDGE_CURVE('',#1354,#1359,#1919,.T.);
#1220=EDGE_CURVE('',#1356,#1360,#1920,.T.);
#1221=EDGE_CURVE('',#1362,#1367,#1921,.T.);
#1222=EDGE_CURVE('',#1364,#1368,#1922,.T.);
#1223=EDGE_CURVE('',#1370,#1375,#1923,.T.);
#1224=EDGE_CURVE('',#1372,#1376,#1924,.T.);
#1225=EDGE_CURVE('',#1378,#1383,#1925,.T.);
#1226=EDGE_CURVE('',#1380,#1384,#1926,.T.);
#1227=EDGE_CURVE('',#1386,#1391,#1927,.T.);
#1228=EDGE_CURVE('',#1388,#1392,#1928,.T.);
#1229=EDGE_CURVE('',#1394,#1399,#1929,.T.);
#1230=EDGE_CURVE('',#1396,#1400,#1930,.T.);
#1231=EDGE_CURVE('',#1402,#1407,#1931,.T.);
#1232=EDGE_CURVE('',#1404,#1408,#1932,.T.);
#1233=EDGE_CURVE('',#1410,#1415,#1933,.T.);
#1234=EDGE_CURVE('',#1412,#1416,#1934,.T.);
#1235=EDGE_CURVE('',#1418,#1423,#1935,.T.);
#1236=EDGE_CURVE('',#1420,#1424,#1936,.T.);
#1237=EDGE_CURVE('',#1426,#1431,#1937,.T.);
#1238=EDGE_CURVE('',#1428,#1432,#1938,.T.);
#1239=EDGE_CURVE('',#1434,#1439,#1939,.T.);
#1240=EDGE_CURVE('',#1436,#1440,#1940,.T.);
#1241=EDGE_CURVE('',#1442,#1447,#1941,.T.);
#1242=EDGE_CURVE('',#1444,#1448,#1942,.T.);
#1243=EDGE_CURVE('',#1450,#1455,#1943,.T.);
#1244=EDGE_CURVE('',#1452,#1456,#1944,.T.);
#1245=EDGE_CURVE('',#1458,#1463,#1945,.T.);
#1246=EDGE_CURVE('',#1460,#1464,#1946,.T.);
#1247=EDGE_CURVE('',#1466,#1471,#1947,.T.);
#1248=EDGE_CURVE('',#1468,#1472,#1948,.T.);
#1249=EDGE_CURVE('',#1474,#1479,#1949,.T.);
#1250=EDGE_CURVE('',#1476,#1480,#1950,.T.);
#1251=EDGE_CURVE('',#1482,#1487,#1951,.T.);
#1252=EDGE_CURVE('',#1484,#1488,#1952,.T.);
#1253=EDGE_CURVE('',#1490,#1495,#1953,.T.);
#1254=EDGE_CURVE('',#1492,#1496,#1954,.T.);
#1255=EDGE_CURVE('',#1498,#1503,#1955,.T.);
#1256=EDGE_CURVE('',#1500,#1504,#1956,.T.);
#1257=EDGE_CURVE('',#1506,#1511,#1957,.T.);
#1258=EDGE_CURVE('',#1508,#1512,#1958,.T.);
#1259=EDGE_CURVE('',#1519,#1514,#1959,.T.);
#1260=EDGE_CURVE('',#1520,#1516,#1960,.T.);
#1261=EDGE_CURVE('',#1527,#1521,#1961,.T.);
#1262=EDGE_CURVE('',#1528,#1524,#1962,.T.);
#1263=EDGE_CURVE('',#1553,#1553,#12,.T.);
#1264=EDGE_CURVE('',#1554,#1554,#13,.T.);
#1265=EDGE_CURVE('',#1555,#1555,#14,.T.);
#1266=EDGE_CURVE('',#1556,#1556,#15,.T.);
#1267=EDGE_CURVE('',#1557,#1557,#16,.T.);
#1268=EDGE_CURVE('',#1558,#1558,#17,.T.);
#1269=EDGE_CURVE('',#1559,#1559,#18,.T.);
#1270=EDGE_CURVE('',#1560,#1560,#19,.T.);
#1271=EDGE_CURVE('',#1561,#1561,#20,.T.);
#1272=EDGE_CURVE('',#1562,#1562,#21,.T.);
#1273=EDGE_CURVE('',#1530,#1535,#1963,.T.);
#1274=EDGE_CURVE('',#1532,#1536,#1964,.T.);
#1275=EDGE_CURVE('',#1543,#1538,#1965,.T.);
#1276=EDGE_CURVE('',#1544,#1540,#1966,.T.);
#1277=EDGE_CURVE('',#1546,#1551,#1967,.T.);
#1278=EDGE_CURVE('',#1548,#1552,#1968,.T.);
#1279=EDGE_CURVE('',#1282,#1287,#1969,.T.);
#1280=EDGE_CURVE('',#1284,#1288,#1970,.T.);
#1281=VERTEX_POINT('',#3993);
#1282=VERTEX_POINT('',#3994);
#1283=VERTEX_POINT('',#3996);
#1284=VERTEX_POINT('',#3998);
#1285=VERTEX_POINT('',#4002);
#1286=VERTEX_POINT('',#4004);
#1287=VERTEX_POINT('',#4008);
#1288=VERTEX_POINT('',#4010);
#1289=VERTEX_POINT('',#4014);
#1290=VERTEX_POINT('',#4015);
#1291=VERTEX_POINT('',#4017);
#1292=VERTEX_POINT('',#4019);
#1293=VERTEX_POINT('',#4023);
#1294=VERTEX_POINT('',#4025);
#1295=VERTEX_POINT('',#4029);
#1296=VERTEX_POINT('',#4031);
#1297=VERTEX_POINT('',#4035);
#1298=VERTEX_POINT('',#4036);
#1299=VERTEX_POINT('',#4038);
#1300=VERTEX_POINT('',#4040);
#1301=VERTEX_POINT('',#4044);
#1302=VERTEX_POINT('',#4046);
#1303=VERTEX_POINT('',#4050);
#1304=VERTEX_POINT('',#4052);
#1305=VERTEX_POINT('',#4056);
#1306=VERTEX_POINT('',#4057);
#1307=VERTEX_POINT('',#4059);
#1308=VERTEX_POINT('',#4061);
#1309=VERTEX_POINT('',#4065);
#1310=VERTEX_POINT('',#4067);
#1311=VERTEX_POINT('',#4071);
#1312=VERTEX_POINT('',#4073);
#1313=VERTEX_POINT('',#4077);
#1314=VERTEX_POINT('',#4078);
#1315=VERTEX_POINT('',#4080);
#1316=VERTEX_POINT('',#4082);
#1317=VERTEX_POINT('',#4086);
#1318=VERTEX_POINT('',#4088);
#1319=VERTEX_POINT('',#4092);
#1320=VERTEX_POINT('',#4094);
#1321=VERTEX_POINT('',#4098);
#1322=VERTEX_POINT('',#4099);
#1323=VERTEX_POINT('',#4101);
#1324=VERTEX_POINT('',#4103);
#1325=VERTEX_POINT('',#4107);
#1326=VERTEX_POINT('',#4109);
#1327=VERTEX_POINT('',#4113);
#1328=VERTEX_POINT('',#4115);
#1329=VERTEX_POINT('',#4119);
#1330=VERTEX_POINT('',#4120);
#1331=VERTEX_POINT('',#4122);
#1332=VERTEX_POINT('',#4124);
#1333=VERTEX_POINT('',#4128);
#1334=VERTEX_POINT('',#4130);
#1335=VERTEX_POINT('',#4134);
#1336=VERTEX_POINT('',#4136);
#1337=VERTEX_POINT('',#4140);
#1338=VERTEX_POINT('',#4141);
#1339=VERTEX_POINT('',#4143);
#1340=VERTEX_POINT('',#4145);
#1341=VERTEX_POINT('',#4149);
#1342=VERTEX_POINT('',#4151);
#1343=VERTEX_POINT('',#4155);
#1344=VERTEX_POINT('',#4157);
#1345=VERTEX_POINT('',#4161);
#1346=VERTEX_POINT('',#4162);
#1347=VERTEX_POINT('',#4164);
#1348=VERTEX_POINT('',#4166);
#1349=VERTEX_POINT('',#4170);
#1350=VERTEX_POINT('',#4172);
#1351=VERTEX_POINT('',#4176);
#1352=VERTEX_POINT('',#4178);
#1353=VERTEX_POINT('',#4182);
#1354=VERTEX_POINT('',#4183);
#1355=VERTEX_POINT('',#4185);
#1356=VERTEX_POINT('',#4187);
#1357=VERTEX_POINT('',#4191);
#1358=VERTEX_POINT('',#4193);
#1359=VERTEX_POINT('',#4197);
#1360=VERTEX_POINT('',#4199);
#1361=VERTEX_POINT('',#4203);
#1362=VERTEX_POINT('',#4204);
#1363=VERTEX_POINT('',#4206);
#1364=VERTEX_POINT('',#4208);
#1365=VERTEX_POINT('',#4212);
#1366=VERTEX_POINT('',#4214);
#1367=VERTEX_POINT('',#4218);
#1368=VERTEX_POINT('',#4220);
#1369=VERTEX_POINT('',#4224);
#1370=VERTEX_POINT('',#4225);
#1371=VERTEX_POINT('',#4227);
#1372=VERTEX_POINT('',#4229);
#1373=VERTEX_POINT('',#4233);
#1374=VERTEX_POINT('',#4235);
#1375=VERTEX_POINT('',#4239);
#1376=VERTEX_POINT('',#4241);
#1377=VERTEX_POINT('',#4245);
#1378=VERTEX_POINT('',#4246);
#1379=VERTEX_POINT('',#4248);
#1380=VERTEX_POINT('',#4250);
#1381=VERTEX_POINT('',#4254);
#1382=VERTEX_POINT('',#4256);
#1383=VERTEX_POINT('',#4260);
#1384=VERTEX_POINT('',#4262);
#1385=VERTEX_POINT('',#4266);
#1386=VERTEX_POINT('',#4267);
#1387=VERTEX_POINT('',#4269);
#1388=VERTEX_POINT('',#4271);
#1389=VERTEX_POINT('',#4275);
#1390=VERTEX_POINT('',#4277);
#1391=VERTEX_POINT('',#4281);
#1392=VERTEX_POINT('',#4283);
#1393=VERTEX_POINT('',#4287);
#1394=VERTEX_POINT('',#4288);
#1395=VERTEX_POINT('',#4290);
#1396=VERTEX_POINT('',#4292);
#1397=VERTEX_POINT('',#4296);
#1398=VERTEX_POINT('',#4298);
#1399=VERTEX_POINT('',#4302);
#1400=VERTEX_POINT('',#4304);
#1401=VERTEX_POINT('',#4308);
#1402=VERTEX_POINT('',#4309);
#1403=VERTEX_POINT('',#4311);
#1404=VERTEX_POINT('',#4313);
#1405=VERTEX_POINT('',#4317);
#1406=VERTEX_POINT('',#4319);
#1407=VERTEX_POINT('',#4323);
#1408=VERTEX_POINT('',#4325);
#1409=VERTEX_POINT('',#4329);
#1410=VERTEX_POINT('',#4330);
#1411=VERTEX_POINT('',#4332);
#1412=VERTEX_POINT('',#4334);
#1413=VERTEX_POINT('',#4338);
#1414=VERTEX_POINT('',#4340);
#1415=VERTEX_POINT('',#4344);
#1416=VERTEX_POINT('',#4346);
#1417=VERTEX_POINT('',#4350);
#1418=VERTEX_POINT('',#4351);
#1419=VERTEX_POINT('',#4353);
#1420=VERTEX_POINT('',#4355);
#1421=VERTEX_POINT('',#4359);
#1422=VERTEX_POINT('',#4361);
#1423=VERTEX_POINT('',#4365);
#1424=VERTEX_POINT('',#4367);
#1425=VERTEX_POINT('',#4371);
#1426=VERTEX_POINT('',#4372);
#1427=VERTEX_POINT('',#4374);
#1428=VERTEX_POINT('',#4376);
#1429=VERTEX_POINT('',#4380);
#1430=VERTEX_POINT('',#4382);
#1431=VERTEX_POINT('',#4386);
#1432=VERTEX_POINT('',#4388);
#1433=VERTEX_POINT('',#4392);
#1434=VERTEX_POINT('',#4393);
#1435=VERTEX_POINT('',#4395);
#1436=VERTEX_POINT('',#4397);
#1437=VERTEX_POINT('',#4401);
#1438=VERTEX_POINT('',#4403);
#1439=VERTEX_POINT('',#4407);
#1440=VERTEX_POINT('',#4409);
#1441=VERTEX_POINT('',#4413);
#1442=VERTEX_POINT('',#4414);
#1443=VERTEX_POINT('',#4416);
#1444=VERTEX_POINT('',#4418);
#1445=VERTEX_POINT('',#4422);
#1446=VERTEX_POINT('',#4424);
#1447=VERTEX_POINT('',#4428);
#1448=VERTEX_POINT('',#4430);
#1449=VERTEX_POINT('',#4434);
#1450=VERTEX_POINT('',#4435);
#1451=VERTEX_POINT('',#4437);
#1452=VERTEX_POINT('',#4439);
#1453=VERTEX_POINT('',#4443);
#1454=VERTEX_POINT('',#4445);
#1455=VERTEX_POINT('',#4449);
#1456=VERTEX_POINT('',#4451);
#1457=VERTEX_POINT('',#4455);
#1458=VERTEX_POINT('',#4456);
#1459=VERTEX_POINT('',#4458);
#1460=VERTEX_POINT('',#4460);
#1461=VERTEX_POINT('',#4464);
#1462=VERTEX_POINT('',#4466);
#1463=VERTEX_POINT('',#4470);
#1464=VERTEX_POINT('',#4472);
#1465=VERTEX_POINT('',#4476);
#1466=VERTEX_POINT('',#4477);
#1467=VERTEX_POINT('',#4479);
#1468=VERTEX_POINT('',#4481);
#1469=VERTEX_POINT('',#4485);
#1470=VERTEX_POINT('',#4487);
#1471=VERTEX_POINT('',#4491);
#1472=VERTEX_POINT('',#4493);
#1473=VERTEX_POINT('',#4497);
#1474=VERTEX_POINT('',#4498);
#1475=VERTEX_POINT('',#4500);
#1476=VERTEX_POINT('',#4502);
#1477=VERTEX_POINT('',#4506);
#1478=VERTEX_POINT('',#4508);
#1479=VERTEX_POINT('',#4512);
#1480=VERTEX_POINT('',#4514);
#1481=VERTEX_POINT('',#4518);
#1482=VERTEX_POINT('',#4519);
#1483=VERTEX_POINT('',#4521);
#1484=VERTEX_POINT('',#4523);
#1485=VERTEX_POINT('',#4527);
#1486=VERTEX_POINT('',#4529);
#1487=VERTEX_POINT('',#4533);
#1488=VERTEX_POINT('',#4535);
#1489=VERTEX_POINT('',#4539);
#1490=VERTEX_POINT('',#4540);
#1491=VERTEX_POINT('',#4542);
#1492=VERTEX_POINT('',#4544);
#1493=VERTEX_POINT('',#4548);
#1494=VERTEX_POINT('',#4550);
#1495=VERTEX_POINT('',#4554);
#1496=VERTEX_POINT('',#4556);
#1497=VERTEX_POINT('',#4560);
#1498=VERTEX_POINT('',#4561);
#1499=VERTEX_POINT('',#4563);
#1500=VERTEX_POINT('',#4565);
#1501=VERTEX_POINT('',#4569);
#1502=VERTEX_POINT('',#4571);
#1503=VERTEX_POINT('',#4575);
#1504=VERTEX_POINT('',#4577);
#1505=VERTEX_POINT('',#4581);
#1506=VERTEX_POINT('',#4582);
#1507=VERTEX_POINT('',#4584);
#1508=VERTEX_POINT('',#4586);
#1509=VERTEX_POINT('',#4590);
#1510=VERTEX_POINT('',#4592);
#1511=VERTEX_POINT('',#4596);
#1512=VERTEX_POINT('',#4598);
#1513=VERTEX_POINT('',#4602);
#1514=VERTEX_POINT('',#4603);
#1515=VERTEX_POINT('',#4605);
#1516=VERTEX_POINT('',#4607);
#1517=VERTEX_POINT('',#4611);
#1518=VERTEX_POINT('',#4613);
#1519=VERTEX_POINT('',#4617);
#1520=VERTEX_POINT('',#4619);
#1521=VERTEX_POINT('',#4623);
#1522=VERTEX_POINT('',#4624);
#1523=VERTEX_POINT('',#4626);
#1524=VERTEX_POINT('',#4628);
#1525=VERTEX_POINT('',#4632);
#1526=VERTEX_POINT('',#4634);
#1527=VERTEX_POINT('',#4638);
#1528=VERTEX_POINT('',#4640);
#1529=VERTEX_POINT('',#4644);
#1530=VERTEX_POINT('',#4645);
#1531=VERTEX_POINT('',#4647);
#1532=VERTEX_POINT('',#4649);
#1533=VERTEX_POINT('',#4653);
#1534=VERTEX_POINT('',#4655);
#1535=VERTEX_POINT('',#4659);
#1536=VERTEX_POINT('',#4661);
#1537=VERTEX_POINT('',#4665);
#1538=VERTEX_POINT('',#4666);
#1539=VERTEX_POINT('',#4668);
#1540=VERTEX_POINT('',#4670);
#1541=VERTEX_POINT('',#4674);
#1542=VERTEX_POINT('',#4676);
#1543=VERTEX_POINT('',#4680);
#1544=VERTEX_POINT('',#4682);
#1545=VERTEX_POINT('',#4686);
#1546=VERTEX_POINT('',#4687);
#1547=VERTEX_POINT('',#4689);
#1548=VERTEX_POINT('',#4691);
#1549=VERTEX_POINT('',#4695);
#1550=VERTEX_POINT('',#4697);
#1551=VERTEX_POINT('',#4701);
#1552=VERTEX_POINT('',#4703);
#1553=VERTEX_POINT('',#4797);
#1554=VERTEX_POINT('',#4799);
#1555=VERTEX_POINT('',#4802);
#1556=VERTEX_POINT('',#4804);
#1557=VERTEX_POINT('',#4807);
#1558=VERTEX_POINT('',#4809);
#1559=VERTEX_POINT('',#4812);
#1560=VERTEX_POINT('',#4814);
#1561=VERTEX_POINT('',#4817);
#1562=VERTEX_POINT('',#4819);
#1563=LINE('',#3992,#1971);
#1564=LINE('',#3995,#1972);
#1565=LINE('',#3997,#1973);
#1566=LINE('',#3999,#1974);
#1567=LINE('',#4001,#1975);
#1568=LINE('',#4003,#1976);
#1569=LINE('',#4005,#1977);
#1570=LINE('',#4007,#1978);
#1571=LINE('',#4009,#1979);
#1572=LINE('',#4011,#1980);
#1573=LINE('',#4013,#1981);
#1574=LINE('',#4016,#1982);
#1575=LINE('',#4018,#1983);
#1576=LINE('',#4020,#1984);
#1577=LINE('',#4022,#1985);
#1578=LINE('',#4024,#1986);
#1579=LINE('',#4026,#1987);
#1580=LINE('',#4028,#1988);
#1581=LINE('',#4030,#1989);
#1582=LINE('',#4032,#1990);
#1583=LINE('',#4034,#1991);
#1584=LINE('',#4037,#1992);
#1585=LINE('',#4039,#1993);
#1586=LINE('',#4041,#1994);
#1587=LINE('',#4043,#1995);
#1588=LINE('',#4045,#1996);
#1589=LINE('',#4047,#1997);
#1590=LINE('',#4049,#1998);
#1591=LINE('',#4051,#1999);
#1592=LINE('',#4053,#2000);
#1593=LINE('',#4055,#2001);
#1594=LINE('',#4058,#2002);
#1595=LINE('',#4060,#2003);
#1596=LINE('',#4062,#2004);
#1597=LINE('',#4064,#2005);
#1598=LINE('',#4066,#2006);
#1599=LINE('',#4068,#2007);
#1600=LINE('',#4070,#2008);
#1601=LINE('',#4072,#2009);
#1602=LINE('',#4074,#2010);
#1603=LINE('',#4076,#2011);
#1604=LINE('',#4079,#2012);
#1605=LINE('',#4081,#2013);
#1606=LINE('',#4083,#2014);
#1607=LINE('',#4085,#2015);
#1608=LINE('',#4087,#2016);
#1609=LINE('',#4089,#2017);
#1610=LINE('',#4091,#2018);
#1611=LINE('',#4093,#2019);
#1612=LINE('',#4095,#2020);
#1613=LINE('',#4097,#2021);
#1614=LINE('',#4100,#2022);
#1615=LINE('',#4102,#2023);
#1616=LINE('',#4104,#2024);
#1617=LINE('',#4106,#2025);
#1618=LINE('',#4108,#2026);
#1619=LINE('',#4110,#2027);
#1620=LINE('',#4112,#2028);
#1621=LINE('',#4114,#2029);
#1622=LINE('',#4116,#2030);
#1623=LINE('',#4118,#2031);
#1624=LINE('',#4121,#2032);
#1625=LINE('',#4123,#2033);
#1626=LINE('',#4125,#2034);
#1627=LINE('',#4127,#2035);
#1628=LINE('',#4129,#2036);
#1629=LINE('',#4131,#2037);
#1630=LINE('',#4133,#2038);
#1631=LINE('',#4135,#2039);
#1632=LINE('',#4137,#2040);
#1633=LINE('',#4139,#2041);
#1634=LINE('',#4142,#2042);
#1635=LINE('',#4144,#2043);
#1636=LINE('',#4146,#2044);
#1637=LINE('',#4148,#2045);
#1638=LINE('',#4150,#2046);
#1639=LINE('',#4152,#2047);
#1640=LINE('',#4154,#2048);
#1641=LINE('',#4156,#2049);
#1642=LINE('',#4158,#2050);
#1643=LINE('',#4160,#2051);
#1644=LINE('',#4163,#2052);
#1645=LINE('',#4165,#2053);
#1646=LINE('',#4167,#2054);
#1647=LINE('',#4169,#2055);
#1648=LINE('',#4171,#2056);
#1649=LINE('',#4173,#2057);
#1650=LINE('',#4175,#2058);
#1651=LINE('',#4177,#2059);
#1652=LINE('',#4179,#2060);
#1653=LINE('',#4181,#2061);
#1654=LINE('',#4184,#2062);
#1655=LINE('',#4186,#2063);
#1656=LINE('',#4188,#2064);
#1657=LINE('',#4190,#2065);
#1658=LINE('',#4192,#2066);
#1659=LINE('',#4194,#2067);
#1660=LINE('',#4196,#2068);
#1661=LINE('',#4198,#2069);
#1662=LINE('',#4200,#2070);
#1663=LINE('',#4202,#2071);
#1664=LINE('',#4205,#2072);
#1665=LINE('',#4207,#2073);
#1666=LINE('',#4209,#2074);
#1667=LINE('',#4211,#2075);
#1668=LINE('',#4213,#2076);
#1669=LINE('',#4215,#2077);
#1670=LINE('',#4217,#2078);
#1671=LINE('',#4219,#2079);
#1672=LINE('',#4221,#2080);
#1673=LINE('',#4223,#2081);
#1674=LINE('',#4226,#2082);
#1675=LINE('',#4228,#2083);
#1676=LINE('',#4230,#2084);
#1677=LINE('',#4232,#2085);
#1678=LINE('',#4234,#2086);
#1679=LINE('',#4236,#2087);
#1680=LINE('',#4238,#2088);
#1681=LINE('',#4240,#2089);
#1682=LINE('',#4242,#2090);
#1683=LINE('',#4244,#2091);
#1684=LINE('',#4247,#2092);
#1685=LINE('',#4249,#2093);
#1686=LINE('',#4251,#2094);
#1687=LINE('',#4253,#2095);
#1688=LINE('',#4255,#2096);
#1689=LINE('',#4257,#2097);
#1690=LINE('',#4259,#2098);
#1691=LINE('',#4261,#2099);
#1692=LINE('',#4263,#2100);
#1693=LINE('',#4265,#2101);
#1694=LINE('',#4268,#2102);
#1695=LINE('',#4270,#2103);
#1696=LINE('',#4272,#2104);
#1697=LINE('',#4274,#2105);
#1698=LINE('',#4276,#2106);
#1699=LINE('',#4278,#2107);
#1700=LINE('',#4280,#2108);
#1701=LINE('',#4282,#2109);
#1702=LINE('',#4284,#2110);
#1703=LINE('',#4286,#2111);
#1704=LINE('',#4289,#2112);
#1705=LINE('',#4291,#2113);
#1706=LINE('',#4293,#2114);
#1707=LINE('',#4295,#2115);
#1708=LINE('',#4297,#2116);
#1709=LINE('',#4299,#2117);
#1710=LINE('',#4301,#2118);
#1711=LINE('',#4303,#2119);
#1712=LINE('',#4305,#2120);
#1713=LINE('',#4307,#2121);
#1714=LINE('',#4310,#2122);
#1715=LINE('',#4312,#2123);
#1716=LINE('',#4314,#2124);
#1717=LINE('',#4316,#2125);
#1718=LINE('',#4318,#2126);
#1719=LINE('',#4320,#2127);
#1720=LINE('',#4322,#2128);
#1721=LINE('',#4324,#2129);
#1722=LINE('',#4326,#2130);
#1723=LINE('',#4328,#2131);
#1724=LINE('',#4331,#2132);
#1725=LINE('',#4333,#2133);
#1726=LINE('',#4335,#2134);
#1727=LINE('',#4337,#2135);
#1728=LINE('',#4339,#2136);
#1729=LINE('',#4341,#2137);
#1730=LINE('',#4343,#2138);
#1731=LINE('',#4345,#2139);
#1732=LINE('',#4347,#2140);
#1733=LINE('',#4349,#2141);
#1734=LINE('',#4352,#2142);
#1735=LINE('',#4354,#2143);
#1736=LINE('',#4356,#2144);
#1737=LINE('',#4358,#2145);
#1738=LINE('',#4360,#2146);
#1739=LINE('',#4362,#2147);
#1740=LINE('',#4364,#2148);
#1741=LINE('',#4366,#2149);
#1742=LINE('',#4368,#2150);
#1743=LINE('',#4370,#2151);
#1744=LINE('',#4373,#2152);
#1745=LINE('',#4375,#2153);
#1746=LINE('',#4377,#2154);
#1747=LINE('',#4379,#2155);
#1748=LINE('',#4381,#2156);
#1749=LINE('',#4383,#2157);
#1750=LINE('',#4385,#2158);
#1751=LINE('',#4387,#2159);
#1752=LINE('',#4389,#2160);
#1753=LINE('',#4391,#2161);
#1754=LINE('',#4394,#2162);
#1755=LINE('',#4396,#2163);
#1756=LINE('',#4398,#2164);
#1757=LINE('',#4400,#2165);
#1758=LINE('',#4402,#2166);
#1759=LINE('',#4404,#2167);
#1760=LINE('',#4406,#2168);
#1761=LINE('',#4408,#2169);
#1762=LINE('',#4410,#2170);
#1763=LINE('',#4412,#2171);
#1764=LINE('',#4415,#2172);
#1765=LINE('',#4417,#2173);
#1766=LINE('',#4419,#2174);
#1767=LINE('',#4421,#2175);
#1768=LINE('',#4423,#2176);
#1769=LINE('',#4425,#2177);
#1770=LINE('',#4427,#2178);
#1771=LINE('',#4429,#2179);
#1772=LINE('',#4431,#2180);
#1773=LINE('',#4433,#2181);
#1774=LINE('',#4436,#2182);
#1775=LINE('',#4438,#2183);
#1776=LINE('',#4440,#2184);
#1777=LINE('',#4442,#2185);
#1778=LINE('',#4444,#2186);
#1779=LINE('',#4446,#2187);
#1780=LINE('',#4448,#2188);
#1781=LINE('',#4450,#2189);
#1782=LINE('',#4452,#2190);
#1783=LINE('',#4454,#2191);
#1784=LINE('',#4457,#2192);
#1785=LINE('',#4459,#2193);
#1786=LINE('',#4461,#2194);
#1787=LINE('',#4463,#2195);
#1788=LINE('',#4465,#2196);
#1789=LINE('',#4467,#2197);
#1790=LINE('',#4469,#2198);
#1791=LINE('',#4471,#2199);
#1792=LINE('',#4473,#2200);
#1793=LINE('',#4475,#2201);
#1794=LINE('',#4478,#2202);
#1795=LINE('',#4480,#2203);
#1796=LINE('',#4482,#2204);
#1797=LINE('',#4484,#2205);
#1798=LINE('',#4486,#2206);
#1799=LINE('',#4488,#2207);
#1800=LINE('',#4490,#2208);
#1801=LINE('',#4492,#2209);
#1802=LINE('',#4494,#2210);
#1803=LINE('',#4496,#2211);
#1804=LINE('',#4499,#2212);
#1805=LINE('',#4501,#2213);
#1806=LINE('',#4503,#2214);
#1807=LINE('',#4505,#2215);
#1808=LINE('',#4507,#2216);
#1809=LINE('',#4509,#2217);
#1810=LINE('',#4511,#2218);
#1811=LINE('',#4513,#2219);
#1812=LINE('',#4515,#2220);
#1813=LINE('',#4517,#2221);
#1814=LINE('',#4520,#2222);
#1815=LINE('',#4522,#2223);
#1816=LINE('',#4524,#2224);
#1817=LINE('',#4526,#2225);
#1818=LINE('',#4528,#2226);
#1819=LINE('',#4530,#2227);
#1820=LINE('',#4532,#2228);
#1821=LINE('',#4534,#2229);
#1822=LINE('',#4536,#2230);
#1823=LINE('',#4538,#2231);
#1824=LINE('',#4541,#2232);
#1825=LINE('',#4543,#2233);
#1826=LINE('',#4545,#2234);
#1827=LINE('',#4547,#2235);
#1828=LINE('',#4549,#2236);
#1829=LINE('',#4551,#2237);
#1830=LINE('',#4553,#2238);
#1831=LINE('',#4555,#2239);
#1832=LINE('',#4557,#2240);
#1833=LINE('',#4559,#2241);
#1834=LINE('',#4562,#2242);
#1835=LINE('',#4564,#2243);
#1836=LINE('',#4566,#2244);
#1837=LINE('',#4568,#2245);
#1838=LINE('',#4570,#2246);
#1839=LINE('',#4572,#2247);
#1840=LINE('',#4574,#2248);
#1841=LINE('',#4576,#2249);
#1842=LINE('',#4578,#2250);
#1843=LINE('',#4580,#2251);
#1844=LINE('',#4583,#2252);
#1845=LINE('',#4585,#2253);
#1846=LINE('',#4587,#2254);
#1847=LINE('',#4589,#2255);
#1848=LINE('',#4591,#2256);
#1849=LINE('',#4593,#2257);
#1850=LINE('',#4595,#2258);
#1851=LINE('',#4597,#2259);
#1852=LINE('',#4599,#2260);
#1853=LINE('',#4601,#2261);
#1854=LINE('',#4604,#2262);
#1855=LINE('',#4606,#2263);
#1856=LINE('',#4608,#2264);
#1857=LINE('',#4610,#2265);
#1858=LINE('',#4612,#2266);
#1859=LINE('',#4614,#2267);
#1860=LINE('',#4616,#2268);
#1861=LINE('',#4618,#2269);
#1862=LINE('',#4620,#2270);
#1863=LINE('',#4622,#2271);
#1864=LINE('',#4625,#2272);
#1865=LINE('',#4627,#2273);
#1866=LINE('',#4629,#2274);
#1867=LINE('',#4631,#2275);
#1868=LINE('',#4633,#2276);
#1869=LINE('',#4635,#2277);
#1870=LINE('',#4637,#2278);
#1871=LINE('',#4639,#2279);
#1872=LINE('',#4641,#2280);
#1873=LINE('',#4643,#2281);
#1874=LINE('',#4646,#2282);
#1875=LINE('',#4648,#2283);
#1876=LINE('',#4650,#2284);
#1877=LINE('',#4652,#2285);
#1878=LINE('',#4654,#2286);
#1879=LINE('',#4656,#2287);
#1880=LINE('',#4658,#2288);
#1881=LINE('',#4660,#2289);
#1882=LINE('',#4662,#2290);
#1883=LINE('',#4664,#2291);
#1884=LINE('',#4667,#2292);
#1885=LINE('',#4669,#2293);
#1886=LINE('',#4671,#2294);
#1887=LINE('',#4673,#2295);
#1888=LINE('',#4675,#2296);
#1889=LINE('',#4677,#2297);
#1890=LINE('',#4679,#2298);
#1891=LINE('',#4681,#2299);
#1892=LINE('',#4683,#2300);
#1893=LINE('',#4685,#2301);
#1894=LINE('',#4688,#2302);
#1895=LINE('',#4690,#2303);
#1896=LINE('',#4692,#2304);
#1897=LINE('',#4694,#2305);
#1898=LINE('',#4696,#2306);
#1899=LINE('',#4698,#2307);
#1900=LINE('',#4700,#2308);
#1901=LINE('',#4702,#2309);
#1902=LINE('',#4704,#2310);
#1903=LINE('',#4706,#2311);
#1904=LINE('',#4707,#2312);
#1905=LINE('',#4709,#2313);
#1906=LINE('',#4710,#2314);
#1907=LINE('',#4712,#2315);
#1908=LINE('',#4713,#2316);
#1909=LINE('',#4715,#2317);
#1910=LINE('',#4716,#2318);
#1911=LINE('',#4718,#2319);
#1912=LINE('',#4719,#2320);
#1913=LINE('',#4721,#2321);
#1914=LINE('',#4722,#2322);
#1915=LINE('',#4724,#2323);
#1916=LINE('',#4725,#2324);
#1917=LINE('',#4727,#2325);
#1918=LINE('',#4728,#2326);
#1919=LINE('',#4730,#2327);
#1920=LINE('',#4731,#2328);
#1921=LINE('',#4733,#2329);
#1922=LINE('',#4734,#2330);
#1923=LINE('',#4736,#2331);
#1924=LINE('',#4737,#2332);
#1925=LINE('',#4739,#2333);
#1926=LINE('',#4740,#2334);
#1927=LINE('',#4742,#2335);
#1928=LINE('',#4743,#2336);
#1929=LINE('',#4745,#2337);
#1930=LINE('',#4746,#2338);
#1931=LINE('',#4748,#2339);
#1932=LINE('',#4749,#2340);
#1933=LINE('',#4751,#2341);
#1934=LINE('',#4752,#2342);
#1935=LINE('',#4754,#2343);
#1936=LINE('',#4755,#2344);
#1937=LINE('',#4757,#2345);
#1938=LINE('',#4758,#2346);
#1939=LINE('',#4760,#2347);
#1940=LINE('',#4761,#2348);
#1941=LINE('',#4763,#2349);
#1942=LINE('',#4764,#2350);
#1943=LINE('',#4766,#2351);
#1944=LINE('',#4767,#2352);
#1945=LINE('',#4769,#2353);
#1946=LINE('',#4770,#2354);
#1947=LINE('',#4772,#2355);
#1948=LINE('',#4773,#2356);
#1949=LINE('',#4775,#2357);
#1950=LINE('',#4776,#2358);
#1951=LINE('',#4778,#2359);
#1952=LINE('',#4779,#2360);
#1953=LINE('',#4781,#2361);
#1954=LINE('',#4782,#2362);
#1955=LINE('',#4784,#2363);
#1956=LINE('',#4785,#2364);
#1957=LINE('',#4787,#2365);
#1958=LINE('',#4788,#2366);
#1959=LINE('',#4790,#2367);
#1960=LINE('',#4791,#2368);
#1961=LINE('',#4793,#2369);
#1962=LINE('',#4794,#2370);
#1963=LINE('',#4821,#2371);
#1964=LINE('',#4822,#2372);
#1965=LINE('',#4824,#2373);
#1966=LINE('',#4825,#2374);
#1967=LINE('',#4827,#2375);
#1968=LINE('',#4828,#2376);
#1969=LINE('',#4830,#2377);
#1970=LINE('',#4831,#2378);
#1971=VECTOR('',#3278,1.);
#1972=VECTOR('',#3279,1.);
#1973=VECTOR('',#3280,1.);
#1974=VECTOR('',#3281,1.);
#1975=VECTOR('',#3284,1.);
#1976=VECTOR('',#3285,1.);
#1977=VECTOR('',#3286,1.);
#1978=VECTOR('',#3289,1.);
#1979=VECTOR('',#3290,1.);
#1980=VECTOR('',#3291,1.);
#1981=VECTOR('',#3294,1.);
#1982=VECTOR('',#3295,1.);
#1983=VECTOR('',#3296,1.);
#1984=VECTOR('',#3297,1.);
#1985=VECTOR('',#3300,1.);
#1986=VECTOR('',#3301,1.);
#1987=VECTOR('',#3302,1.);
#1988=VECTOR('',#3305,1.);
#1989=VECTOR('',#3306,1.);
#1990=VECTOR('',#3307,1.);
#1991=VECTOR('',#3310,1.);
#1992=VECTOR('',#3311,1.);
#1993=VECTOR('',#3312,1.);
#1994=VECTOR('',#3313,1.);
#1995=VECTOR('',#3316,1.);
#1996=VECTOR('',#3317,1.);
#1997=VECTOR('',#3318,1.);
#1998=VECTOR('',#3321,1.);
#1999=VECTOR('',#3322,1.);
#2000=VECTOR('',#3323,1.);
#2001=VECTOR('',#3326,1.);
#2002=VECTOR('',#3327,1.);
#2003=VECTOR('',#3328,1.);
#2004=VECTOR('',#3329,1.);
#2005=VECTOR('',#3332,1.);
#2006=VECTOR('',#3333,1.);
#2007=VECTOR('',#3334,1.);
#2008=VECTOR('',#3337,1.);
#2009=VECTOR('',#3338,1.);
#2010=VECTOR('',#3339,1.);
#2011=VECTOR('',#3342,1.);
#2012=VECTOR('',#3343,1.);
#2013=VECTOR('',#3344,1.);
#2014=VECTOR('',#3345,1.);
#2015=VECTOR('',#3348,1.);
#2016=VECTOR('',#3349,1.);
#2017=VECTOR('',#3350,1.);
#2018=VECTOR('',#3353,1.);
#2019=VECTOR('',#3354,1.);
#2020=VECTOR('',#3355,1.);
#2021=VECTOR('',#3358,1.);
#2022=VECTOR('',#3359,1.);
#2023=VECTOR('',#3360,1.);
#2024=VECTOR('',#3361,1.);
#2025=VECTOR('',#3364,1.);
#2026=VECTOR('',#3365,1.);
#2027=VECTOR('',#3366,1.);
#2028=VECTOR('',#3369,1.);
#2029=VECTOR('',#3370,1.);
#2030=VECTOR('',#3371,1.);
#2031=VECTOR('',#3374,1.);
#2032=VECTOR('',#3375,1.);
#2033=VECTOR('',#3376,1.);
#2034=VECTOR('',#3377,1.);
#2035=VECTOR('',#3380,1.);
#2036=VECTOR('',#3381,1.);
#2037=VECTOR('',#3382,1.);
#2038=VECTOR('',#3385,1.);
#2039=VECTOR('',#3386,1.);
#2040=VECTOR('',#3387,1.);
#2041=VECTOR('',#3390,1.);
#2042=VECTOR('',#3391,1.);
#2043=VECTOR('',#3392,1.);
#2044=VECTOR('',#3393,1.);
#2045=VECTOR('',#3396,1.);
#2046=VECTOR('',#3397,1.);
#2047=VECTOR('',#3398,1.);
#2048=VECTOR('',#3401,1.);
#2049=VECTOR('',#3402,1.);
#2050=VECTOR('',#3403,1.);
#2051=VECTOR('',#3406,1.);
#2052=VECTOR('',#3407,1.);
#2053=VECTOR('',#3408,1.);
#2054=VECTOR('',#3409,1.);
#2055=VECTOR('',#3412,1.);
#2056=VECTOR('',#3413,1.);
#2057=VECTOR('',#3414,1.);
#2058=VECTOR('',#3417,1.);
#2059=VECTOR('',#3418,1.);
#2060=VECTOR('',#3419,1.);
#2061=VECTOR('',#3422,1.);
#2062=VECTOR('',#3423,1.);
#2063=VECTOR('',#3424,1.);
#2064=VECTOR('',#3425,1.);
#2065=VECTOR('',#3428,1.);
#2066=VECTOR('',#3429,1.);
#2067=VECTOR('',#3430,1.);
#2068=VECTOR('',#3433,1.);
#2069=VECTOR('',#3434,1.);
#2070=VECTOR('',#3435,1.);
#2071=VECTOR('',#3438,1.);
#2072=VECTOR('',#3439,1.);
#2073=VECTOR('',#3440,1.);
#2074=VECTOR('',#3441,1.);
#2075=VECTOR('',#3444,1.);
#2076=VECTOR('',#3445,1.);
#2077=VECTOR('',#3446,1.);
#2078=VECTOR('',#3449,1.);
#2079=VECTOR('',#3450,1.);
#2080=VECTOR('',#3451,1.);
#2081=VECTOR('',#3454,1.);
#2082=VECTOR('',#3455,1.);
#2083=VECTOR('',#3456,1.);
#2084=VECTOR('',#3457,1.);
#2085=VECTOR('',#3460,1.);
#2086=VECTOR('',#3461,1.);
#2087=VECTOR('',#3462,1.);
#2088=VECTOR('',#3465,1.);
#2089=VECTOR('',#3466,1.);
#2090=VECTOR('',#3467,1.);
#2091=VECTOR('',#3470,1.);
#2092=VECTOR('',#3471,1.);
#2093=VECTOR('',#3472,1.);
#2094=VECTOR('',#3473,1.);
#2095=VECTOR('',#3476,1.);
#2096=VECTOR('',#3477,1.);
#2097=VECTOR('',#3478,1.);
#2098=VECTOR('',#3481,1.);
#2099=VECTOR('',#3482,1.);
#2100=VECTOR('',#3483,1.);
#2101=VECTOR('',#3486,1.);
#2102=VECTOR('',#3487,1.);
#2103=VECTOR('',#3488,1.);
#2104=VECTOR('',#3489,1.);
#2105=VECTOR('',#3492,1.);
#2106=VECTOR('',#3493,1.);
#2107=VECTOR('',#3494,1.);
#2108=VECTOR('',#3497,1.);
#2109=VECTOR('',#3498,1.);
#2110=VECTOR('',#3499,1.);
#2111=VECTOR('',#3502,1.);
#2112=VECTOR('',#3503,1.);
#2113=VECTOR('',#3504,1.);
#2114=VECTOR('',#3505,1.);
#2115=VECTOR('',#3508,1.);
#2116=VECTOR('',#3509,1.);
#2117=VECTOR('',#3510,1.);
#2118=VECTOR('',#3513,1.);
#2119=VECTOR('',#3514,1.);
#2120=VECTOR('',#3515,1.);
#2121=VECTOR('',#3518,1.);
#2122=VECTOR('',#3519,1.);
#2123=VECTOR('',#3520,1.);
#2124=VECTOR('',#3521,1.);
#2125=VECTOR('',#3524,1.);
#2126=VECTOR('',#3525,1.);
#2127=VECTOR('',#3526,1.);
#2128=VECTOR('',#3529,1.);
#2129=VECTOR('',#3530,1.);
#2130=VECTOR('',#3531,1.);
#2131=VECTOR('',#3534,1.);
#2132=VECTOR('',#3535,1.);
#2133=VECTOR('',#3536,1.);
#2134=VECTOR('',#3537,1.);
#2135=VECTOR('',#3540,1.);
#2136=VECTOR('',#3541,1.);
#2137=VECTOR('',#3542,1.);
#2138=VECTOR('',#3545,1.);
#2139=VECTOR('',#3546,1.);
#2140=VECTOR('',#3547,1.);
#2141=VECTOR('',#3550,1.);
#2142=VECTOR('',#3551,1.);
#2143=VECTOR('',#3552,1.);
#2144=VECTOR('',#3553,1.);
#2145=VECTOR('',#3556,1.);
#2146=VECTOR('',#3557,1.);
#2147=VECTOR('',#3558,1.);
#2148=VECTOR('',#3561,1.);
#2149=VECTOR('',#3562,1.);
#2150=VECTOR('',#3563,1.);
#2151=VECTOR('',#3566,1.);
#2152=VECTOR('',#3567,1.);
#2153=VECTOR('',#3568,1.);
#2154=VECTOR('',#3569,1.);
#2155=VECTOR('',#3572,1.);
#2156=VECTOR('',#3573,1.);
#2157=VECTOR('',#3574,1.);
#2158=VECTOR('',#3577,1.);
#2159=VECTOR('',#3578,1.);
#2160=VECTOR('',#3579,1.);
#2161=VECTOR('',#3582,1.);
#2162=VECTOR('',#3583,1.);
#2163=VECTOR('',#3584,1.);
#2164=VECTOR('',#3585,1.);
#2165=VECTOR('',#3588,1.);
#2166=VECTOR('',#3589,1.);
#2167=VECTOR('',#3590,1.);
#2168=VECTOR('',#3593,1.);
#2169=VECTOR('',#3594,1.);
#2170=VECTOR('',#3595,1.);
#2171=VECTOR('',#3598,1.);
#2172=VECTOR('',#3599,1.);
#2173=VECTOR('',#3600,1.);
#2174=VECTOR('',#3601,1.);
#2175=VECTOR('',#3604,1.);
#2176=VECTOR('',#3605,1.);
#2177=VECTOR('',#3606,1.);
#2178=VECTOR('',#3609,1.);
#2179=VECTOR('',#3610,1.);
#2180=VECTOR('',#3611,1.);
#2181=VECTOR('',#3614,1.);
#2182=VECTOR('',#3615,1.);
#2183=VECTOR('',#3616,1.);
#2184=VECTOR('',#3617,1.);
#2185=VECTOR('',#3620,1.);
#2186=VECTOR('',#3621,1.);
#2187=VECTOR('',#3622,1.);
#2188=VECTOR('',#3625,1.);
#2189=VECTOR('',#3626,1.);
#2190=VECTOR('',#3627,1.);
#2191=VECTOR('',#3630,1.);
#2192=VECTOR('',#3631,1.);
#2193=VECTOR('',#3632,1.);
#2194=VECTOR('',#3633,1.);
#2195=VECTOR('',#3636,1.);
#2196=VECTOR('',#3637,1.);
#2197=VECTOR('',#3638,1.);
#2198=VECTOR('',#3641,1.);
#2199=VECTOR('',#3642,1.);
#2200=VECTOR('',#3643,1.);
#2201=VECTOR('',#3646,1.);
#2202=VECTOR('',#3647,1.);
#2203=VECTOR('',#3648,1.);
#2204=VECTOR('',#3649,1.);
#2205=VECTOR('',#3652,1.);
#2206=VECTOR('',#3653,1.);
#2207=VECTOR('',#3654,1.);
#2208=VECTOR('',#3657,1.);
#2209=VECTOR('',#3658,1.);
#2210=VECTOR('',#3659,1.);
#2211=VECTOR('',#3662,1.);
#2212=VECTOR('',#3663,1.);
#2213=VECTOR('',#3664,1.);
#2214=VECTOR('',#3665,1.);
#2215=VECTOR('',#3668,1.);
#2216=VECTOR('',#3669,1.);
#2217=VECTOR('',#3670,1.);
#2218=VECTOR('',#3673,1.);
#2219=VECTOR('',#3674,1.);
#2220=VECTOR('',#3675,1.);
#2221=VECTOR('',#3678,1.);
#2222=VECTOR('',#3679,1.);
#2223=VECTOR('',#3680,1.);
#2224=VECTOR('',#3681,1.);
#2225=VECTOR('',#3684,1.);
#2226=VECTOR('',#3685,1.);
#2227=VECTOR('',#3686,1.);
#2228=VECTOR('',#3689,1.);
#2229=VECTOR('',#3690,1.);
#2230=VECTOR('',#3691,1.);
#2231=VECTOR('',#3694,1.);
#2232=VECTOR('',#3695,1.);
#2233=VECTOR('',#3696,1.);
#2234=VECTOR('',#3697,1.);
#2235=VECTOR('',#3700,1.);
#2236=VECTOR('',#3701,1.);
#2237=VECTOR('',#3702,1.);
#2238=VECTOR('',#3705,1.);
#2239=VECTOR('',#3706,1.);
#2240=VECTOR('',#3707,1.);
#2241=VECTOR('',#3710,1.);
#2242=VECTOR('',#3711,1.);
#2243=VECTOR('',#3712,1.);
#2244=VECTOR('',#3713,1.);
#2245=VECTOR('',#3716,1.);
#2246=VECTOR('',#3717,1.);
#2247=VECTOR('',#3718,1.);
#2248=VECTOR('',#3721,1.);
#2249=VECTOR('',#3722,1.);
#2250=VECTOR('',#3723,1.);
#2251=VECTOR('',#3726,1.);
#2252=VECTOR('',#3727,1.);
#2253=VECTOR('',#3728,1.);
#2254=VECTOR('',#3729,1.);
#2255=VECTOR('',#3732,1.);
#2256=VECTOR('',#3733,1.);
#2257=VECTOR('',#3734,1.);
#2258=VECTOR('',#3737,1.);
#2259=VECTOR('',#3738,1.);
#2260=VECTOR('',#3739,1.);
#2261=VECTOR('',#3742,1.);
#2262=VECTOR('',#3743,1.);
#2263=VECTOR('',#3744,1.);
#2264=VECTOR('',#3745,1.);
#2265=VECTOR('',#3748,1.);
#2266=VECTOR('',#3749,1.);
#2267=VECTOR('',#3750,1.);
#2268=VECTOR('',#3753,1.);
#2269=VECTOR('',#3754,1.);
#2270=VECTOR('',#3755,1.);
#2271=VECTOR('',#3758,1.);
#2272=VECTOR('',#3759,1.);
#2273=VECTOR('',#3760,1.);
#2274=VECTOR('',#3761,1.);
#2275=VECTOR('',#3764,1.);
#2276=VECTOR('',#3765,1.);
#2277=VECTOR('',#3766,1.);
#2278=VECTOR('',#3769,1.);
#2279=VECTOR('',#3770,1.);
#2280=VECTOR('',#3771,1.);
#2281=VECTOR('',#3774,1.);
#2282=VECTOR('',#3775,1.);
#2283=VECTOR('',#3776,1.);
#2284=VECTOR('',#3777,1.);
#2285=VECTOR('',#3780,1.);
#2286=VECTOR('',#3781,1.);
#2287=VECTOR('',#3782,1.);
#2288=VECTOR('',#3785,1.);
#2289=VECTOR('',#3786,1.);
#2290=VECTOR('',#3787,1.);
#2291=VECTOR('',#3790,1.);
#2292=VECTOR('',#3791,1.);
#2293=VECTOR('',#3792,1.);
#2294=VECTOR('',#3793,1.);
#2295=VECTOR('',#3796,1.);
#2296=VECTOR('',#3797,1.);
#2297=VECTOR('',#3798,1.);
#2298=VECTOR('',#3801,1.);
#2299=VECTOR('',#3802,1.);
#2300=VECTOR('',#3803,1.);
#2301=VECTOR('',#3806,1.);
#2302=VECTOR('',#3807,1.);
#2303=VECTOR('',#3808,1.);
#2304=VECTOR('',#3809,1.);
#2305=VECTOR('',#3812,1.);
#2306=VECTOR('',#3813,1.);
#2307=VECTOR('',#3814,1.);
#2308=VECTOR('',#3817,1.);
#2309=VECTOR('',#3818,1.);
#2310=VECTOR('',#3819,1.);
#2311=VECTOR('',#3822,1.);
#2312=VECTOR('',#3823,1.);
#2313=VECTOR('',#3826,1.);
#2314=VECTOR('',#3827,1.);
#2315=VECTOR('',#3830,1.);
#2316=VECTOR('',#3831,1.);
#2317=VECTOR('',#3834,1.);
#2318=VECTOR('',#3835,1.);
#2319=VECTOR('',#3838,1.);
#2320=VECTOR('',#3839,1.);
#2321=VECTOR('',#3842,1.);
#2322=VECTOR('',#3843,1.);
#2323=VECTOR('',#3846,1.);
#2324=VECTOR('',#3847,1.);
#2325=VECTOR('',#3850,1.);
#2326=VECTOR('',#3851,1.);
#2327=VECTOR('',#3854,1.);
#2328=VECTOR('',#3855,1.);
#2329=VECTOR('',#3858,1.);
#2330=VECTOR('',#3859,1.);
#2331=VECTOR('',#3862,1.);
#2332=VECTOR('',#3863,1.);
#2333=VECTOR('',#3866,1.);
#2334=VECTOR('',#3867,1.);
#2335=VECTOR('',#3870,1.);
#2336=VECTOR('',#3871,1.);
#2337=VECTOR('',#3874,1.);
#2338=VECTOR('',#3875,1.);
#2339=VECTOR('',#3878,1.);
#2340=VECTOR('',#3879,1.);
#2341=VECTOR('',#3882,1.);
#2342=VECTOR('',#3883,1.);
#2343=VECTOR('',#3886,1.);
#2344=VECTOR('',#3887,1.);
#2345=VECTOR('',#3890,1.);
#2346=VECTOR('',#3891,1.);
#2347=VECTOR('',#3894,1.);
#2348=VECTOR('',#3895,1.);
#2349=VECTOR('',#3898,1.);
#2350=VECTOR('',#3899,1.);
#2351=VECTOR('',#3902,1.);
#2352=VECTOR('',#3903,1.);
#2353=VECTOR('',#3906,1.);
#2354=VECTOR('',#3907,1.);
#2355=VECTOR('',#3910,1.);
#2356=VECTOR('',#3911,1.);
#2357=VECTOR('',#3914,1.);
#2358=VECTOR('',#3915,1.);
#2359=VECTOR('',#3918,1.);
#2360=VECTOR('',#3919,1.);
#2361=VECTOR('',#3922,1.);
#2362=VECTOR('',#3923,1.);
#2363=VECTOR('',#3926,1.);
#2364=VECTOR('',#3927,1.);
#2365=VECTOR('',#3930,1.);
#2366=VECTOR('',#3931,1.);
#2367=VECTOR('',#3934,1.);
#2368=VECTOR('',#3935,1.);
#2369=VECTOR('',#3938,1.);
#2370=VECTOR('',#3939,1.);
#2371=VECTOR('',#3972,1.);
#2372=VECTOR('',#3973,1.);
#2373=VECTOR('',#3976,1.);
#2374=VECTOR('',#3977,1.);
#2375=VECTOR('',#3980,1.);
#2376=VECTOR('',#3981,1.);
#2377=VECTOR('',#3984,1.);
#2378=VECTOR('',#3985,1.);
#2379=EDGE_LOOP('',(#27,#28,#29,#30));
#2380=EDGE_LOOP('',(#31,#32,#33,#34));
#2381=EDGE_LOOP('',(#35,#36,#37,#38));
#2382=EDGE_LOOP('',(#39,#40,#41,#42));
#2383=EDGE_LOOP('',(#43,#44,#45,#46));
#2384=EDGE_LOOP('',(#47,#48,#49,#50));
#2385=EDGE_LOOP('',(#51,#52,#53,#54));
#2386=EDGE_LOOP('',(#55,#56,#57,#58));
#2387=EDGE_LOOP('',(#59,#60,#61,#62));
#2388=EDGE_LOOP('',(#63,#64,#65,#66));
#2389=EDGE_LOOP('',(#67,#68,#69,#70));
#2390=EDGE_LOOP('',(#71,#72,#73,#74));
#2391=EDGE_LOOP('',(#75,#76,#77,#78));
#2392=EDGE_LOOP('',(#79,#80,#81,#82));
#2393=EDGE_LOOP('',(#83,#84,#85,#86));
#2394=EDGE_LOOP('',(#87,#88,#89,#90));
#2395=EDGE_LOOP('',(#91,#92,#93,#94));
#2396=EDGE_LOOP('',(#95,#96,#97,#98));
#2397=EDGE_LOOP('',(#99,#100,#101,#102));
#2398=EDGE_LOOP('',(#103,#104,#105,#106));
#2399=EDGE_LOOP('',(#107,#108,#109,#110));
#2400=EDGE_LOOP('',(#111,#112,#113,#114));
#2401=EDGE_LOOP('',(#115,#116,#117,#118));
#2402=EDGE_LOOP('',(#119,#120,#121,#122));
#2403=EDGE_LOOP('',(#123,#124,#125,#126));
#2404=EDGE_LOOP('',(#127,#128,#129,#130));
#2405=EDGE_LOOP('',(#131,#132,#133,#134));
#2406=EDGE_LOOP('',(#135,#136,#137,#138));
#2407=EDGE_LOOP('',(#139,#140,#141,#142));
#2408=EDGE_LOOP('',(#143,#144,#145,#146));
#2409=EDGE_LOOP('',(#147,#148,#149,#150));
#2410=EDGE_LOOP('',(#151,#152,#153,#154));
#2411=EDGE_LOOP('',(#155,#156,#157,#158));
#2412=EDGE_LOOP('',(#159,#160,#161,#162));
#2413=EDGE_LOOP('',(#163,#164,#165,#166));
#2414=EDGE_LOOP('',(#167,#168,#169,#170));
#2415=EDGE_LOOP('',(#171,#172,#173,#174));
#2416=EDGE_LOOP('',(#175,#176,#177,#178));
#2417=EDGE_LOOP('',(#179,#180,#181,#182));
#2418=EDGE_LOOP('',(#183,#184,#185,#186));
#2419=EDGE_LOOP('',(#187,#188,#189,#190));
#2420=EDGE_LOOP('',(#191,#192,#193,#194));
#2421=EDGE_LOOP('',(#195,#196,#197,#198));
#2422=EDGE_LOOP('',(#199,#200,#201,#202));
#2423=EDGE_LOOP('',(#203,#204,#205,#206));
#2424=EDGE_LOOP('',(#207,#208,#209,#210));
#2425=EDGE_LOOP('',(#211,#212,#213,#214));
#2426=EDGE_LOOP('',(#215,#216,#217,#218));
#2427=EDGE_LOOP('',(#219,#220,#221,#222));
#2428=EDGE_LOOP('',(#223,#224,#225,#226));
#2429=EDGE_LOOP('',(#227,#228,#229,#230));
#2430=EDGE_LOOP('',(#231,#232,#233,#234));
#2431=EDGE_LOOP('',(#235,#236,#237,#238));
#2432=EDGE_LOOP('',(#239,#240,#241,#242));
#2433=EDGE_LOOP('',(#243,#244,#245,#246));
#2434=EDGE_LOOP('',(#247,#248,#249,#250));
#2435=EDGE_LOOP('',(#251,#252,#253,#254));
#2436=EDGE_LOOP('',(#255,#256,#257,#258));
#2437=EDGE_LOOP('',(#259,#260,#261,#262));
#2438=EDGE_LOOP('',(#263,#264,#265,#266));
#2439=EDGE_LOOP('',(#267,#268,#269,#270));
#2440=EDGE_LOOP('',(#271,#272,#273,#274));
#2441=EDGE_LOOP('',(#275,#276,#277,#278));
#2442=EDGE_LOOP('',(#279,#280,#281,#282));
#2443=EDGE_LOOP('',(#283,#284,#285,#286));
#2444=EDGE_LOOP('',(#287,#288,#289,#290));
#2445=EDGE_LOOP('',(#291,#292,#293,#294));
#2446=EDGE_LOOP('',(#295,#296,#297,#298));
#2447=EDGE_LOOP('',(#299,#300,#301,#302));
#2448=EDGE_LOOP('',(#303,#304,#305,#306));
#2449=EDGE_LOOP('',(#307,#308,#309,#310));
#2450=EDGE_LOOP('',(#311,#312,#313,#314));
#2451=EDGE_LOOP('',(#315,#316,#317,#318));
#2452=EDGE_LOOP('',(#319,#320,#321,#322));
#2453=EDGE_LOOP('',(#323,#324,#325,#326));
#2454=EDGE_LOOP('',(#327,#328,#329,#330));
#2455=EDGE_LOOP('',(#331,#332,#333,#334));
#2456=EDGE_LOOP('',(#335,#336,#337,#338));
#2457=EDGE_LOOP('',(#339,#340,#341,#342));
#2458=EDGE_LOOP('',(#343,#344,#345,#346));
#2459=EDGE_LOOP('',(#347,#348,#349,#350));
#2460=EDGE_LOOP('',(#351,#352,#353,#354));
#2461=EDGE_LOOP('',(#355,#356,#357,#358));
#2462=EDGE_LOOP('',(#359,#360,#361,#362));
#2463=EDGE_LOOP('',(#363,#364,#365,#366));
#2464=EDGE_LOOP('',(#367,#368,#369,#370));
#2465=EDGE_LOOP('',(#371,#372,#373,#374));
#2466=EDGE_LOOP('',(#375,#376,#377,#378));
#2467=EDGE_LOOP('',(#379,#380,#381,#382));
#2468=EDGE_LOOP('',(#383,#384,#385,#386));
#2469=EDGE_LOOP('',(#387,#388,#389,#390));
#2470=EDGE_LOOP('',(#391,#392,#393,#394));
#2471=EDGE_LOOP('',(#395,#396,#397,#398));
#2472=EDGE_LOOP('',(#399,#400,#401,#402));
#2473=EDGE_LOOP('',(#403,#404,#405,#406));
#2474=EDGE_LOOP('',(#407,#408,#409,#410));
#2475=EDGE_LOOP('',(#411,#412,#413,#414));
#2476=EDGE_LOOP('',(#415,#416,#417,#418));
#2477=EDGE_LOOP('',(#419,#420,#421,#422));
#2478=EDGE_LOOP('',(#423,#424,#425,#426));
#2479=EDGE_LOOP('',(#427,#428,#429,#430));
#2480=EDGE_LOOP('',(#431,#432,#433,#434));
#2481=EDGE_LOOP('',(#435,#436,#437,#438));
#2482=EDGE_LOOP('',(#439,#440,#441,#442));
#2483=EDGE_LOOP('',(#443,#444,#445,#446));
#2484=EDGE_LOOP('',(#447,#448,#449,#450));
#2485=EDGE_LOOP('',(#451,#452,#453,#454));
#2486=EDGE_LOOP('',(#455,#456,#457,#458));
#2487=EDGE_LOOP('',(#459,#460,#461,#462));
#2488=EDGE_LOOP('',(#463,#464,#465,#466));
#2489=EDGE_LOOP('',(#467,#468,#469,#470));
#2490=EDGE_LOOP('',(#471,#472,#473,#474));
#2491=EDGE_LOOP('',(#475,#476,#477,#478));
#2492=EDGE_LOOP('',(#479,#480,#481,#482));
#2493=EDGE_LOOP('',(#483,#484,#485,#486));
#2494=EDGE_LOOP('',(#487,#488,#489,#490));
#2495=EDGE_LOOP('',(#491,#492,#493,#494));
#2496=EDGE_LOOP('',(#495,#496,#497,#498));
#2497=EDGE_LOOP('',(#499,#500,#501,#502));
#2498=EDGE_LOOP('',(#503,#504,#505,#506));
#2499=EDGE_LOOP('',(#507,#508,#509,#510));
#2500=EDGE_LOOP('',(#511,#512,#513,#514));
#2501=EDGE_LOOP('',(#515,#516,#517,#518));
#2502=EDGE_LOOP('',(#519,#520,#521,#522));
#2503=EDGE_LOOP('',(#523,#524,#525,#526));
#2504=EDGE_LOOP('',(#527,#528,#529,#530));
#2505=EDGE_LOOP('',(#531,#532,#533,#534));
#2506=EDGE_LOOP('',(#535,#536,#537,#538));
#2507=EDGE_LOOP('',(#539,#540,#541,#542));
#2508=EDGE_LOOP('',(#543,#544,#545,#546));
#2509=EDGE_LOOP('',(#547,#548,#549,#550));
#2510=EDGE_LOOP('',(#551,#552,#553,#554));
#2511=EDGE_LOOP('',(#555));
#2512=EDGE_LOOP('',(#556));
#2513=EDGE_LOOP('',(#557));
#2514=EDGE_LOOP('',(#558));
#2515=EDGE_LOOP('',(#559));
#2516=EDGE_LOOP('',(#560));
#2517=EDGE_LOOP('',(#561));
#2518=EDGE_LOOP('',(#562));
#2519=EDGE_LOOP('',(#563));
#2520=EDGE_LOOP('',(#564));
#2521=EDGE_LOOP('',(#565,#566,#567,#568));
#2522=EDGE_LOOP('',(#569,#570,#571,#572));
#2523=EDGE_LOOP('',(#573,#574,#575,#576));
#2524=EDGE_LOOP('',(#577,#578,#579,#580));
#2525=EDGE_LOOP('',(#581,#582,#583,#584));
#2526=EDGE_LOOP('',(#585,#586,#587,#588));
#2527=EDGE_LOOP('',(#589,#590,#591,#592));
#2528=EDGE_LOOP('',(#593));
#2529=EDGE_LOOP('',(#594));
#2530=EDGE_LOOP('',(#595));
#2531=EDGE_LOOP('',(#596));
#2532=EDGE_LOOP('',(#597));
#2533=EDGE_LOOP('',(#598,#599,#600,#601));
#2534=EDGE_LOOP('',(#602,#603,#604,#605));
#2535=EDGE_LOOP('',(#606,#607,#608,#609));
#2536=EDGE_LOOP('',(#610,#611,#612,#613));
#2537=EDGE_LOOP('',(#614,#615,#616,#617));
#2538=EDGE_LOOP('',(#618,#619,#620,#621));
#2539=EDGE_LOOP('',(#622,#623,#624,#625));
#2540=EDGE_LOOP('',(#626,#627,#628,#629));
#2541=EDGE_LOOP('',(#630,#631,#632,#633));
#2542=EDGE_LOOP('',(#634,#635,#636,#637));
#2543=EDGE_LOOP('',(#638,#639,#640,#641));
#2544=EDGE_LOOP('',(#642,#643,#644,#645));
#2545=EDGE_LOOP('',(#646,#647,#648,#649));
#2546=EDGE_LOOP('',(#650,#651,#652,#653));
#2547=EDGE_LOOP('',(#654,#655,#656,#657));
#2548=EDGE_LOOP('',(#658,#659,#660,#661));
#2549=EDGE_LOOP('',(#662,#663,#664,#665));
#2550=EDGE_LOOP('',(#666,#667,#668,#669));
#2551=EDGE_LOOP('',(#670,#671,#672,#673));
#2552=EDGE_LOOP('',(#674,#675,#676,#677));
#2553=EDGE_LOOP('',(#678,#679,#680,#681));
#2554=EDGE_LOOP('',(#682,#683,#684,#685));
#2555=EDGE_LOOP('',(#686,#687,#688,#689));
#2556=EDGE_LOOP('',(#690,#691,#692,#693));
#2557=EDGE_LOOP('',(#694,#695,#696,#697));
#2558=EDGE_LOOP('',(#698,#699,#700,#701));
#2559=EDGE_LOOP('',(#702,#703,#704,#705));
#2560=EDGE_LOOP('',(#706,#707,#708,#709));
#2561=EDGE_LOOP('',(#710,#711,#712,#713));
#2562=EDGE_LOOP('',(#714,#715,#716,#717));
#2563=EDGE_LOOP('',(#718,#719,#720,#721));
#2564=EDGE_LOOP('',(#722,#723,#724,#725));
#2565=EDGE_LOOP('',(#726,#727,#728,#729));
#2566=EDGE_LOOP('',(#730,#731,#732,#733));
#2567=EDGE_LOOP('',(#734));
#2568=EDGE_LOOP('',(#735));
#2569=EDGE_LOOP('',(#736));
#2570=EDGE_LOOP('',(#737));
#2571=EDGE_LOOP('',(#738));
#2572=EDGE_LOOP('',(#739,#740,#741,#742));
#2573=EDGE_LOOP('',(#743,#744,#745,#746));
#2574=EDGE_LOOP('',(#747,#748,#749,#750));
#2575=EDGE_LOOP('',(#751,#752,#753,#754));
#2576=EDGE_LOOP('',(#755,#756,#757,#758));
#2577=EDGE_LOOP('',(#759,#760,#761,#762));
#2578=EDGE_LOOP('',(#763,#764,#765,#766));
#2579=EDGE_LOOP('',(#767,#768,#769,#770));
#2580=EDGE_LOOP('',(#771,#772,#773,#774));
#2581=EDGE_LOOP('',(#775,#776,#777,#778));
#2582=EDGE_LOOP('',(#779,#780,#781,#782));
#2583=EDGE_LOOP('',(#783,#784,#785,#786));
#2584=EDGE_LOOP('',(#787,#788,#789,#790));
#2585=EDGE_LOOP('',(#791,#792,#793,#794));
#2586=EDGE_LOOP('',(#795,#796,#797,#798));
#2587=EDGE_LOOP('',(#799,#800,#801,#802));
#2588=EDGE_LOOP('',(#803,#804,#805,#806));
#2589=EDGE_LOOP('',(#807,#808,#809,#810));
#2590=EDGE_LOOP('',(#811,#812,#813,#814));
#2591=EDGE_LOOP('',(#815,#816,#817,#818));
#2592=EDGE_LOOP('',(#819,#820,#821,#822));
#2593=EDGE_LOOP('',(#823,#824,#825,#826));
#2594=EDGE_LOOP('',(#827,#828,#829,#830));
#2595=EDGE_LOOP('',(#831,#832,#833,#834));
#2596=EDGE_LOOP('',(#835,#836,#837,#838));
#2597=EDGE_LOOP('',(#839,#840,#841,#842));
#2598=EDGE_LOOP('',(#843,#844,#845,#846));
#2599=EDGE_LOOP('',(#847,#848,#849,#850));
#2600=EDGE_LOOP('',(#851,#852,#853,#854));
#2601=EDGE_LOOP('',(#855,#856,#857,#858));
#2602=EDGE_LOOP('',(#859,#860,#861,#862));
#2603=FACE_BOUND('',#2379,.T.);
#2604=FACE_BOUND('',#2380,.T.);
#2605=FACE_BOUND('',#2381,.T.);
#2606=FACE_BOUND('',#2382,.T.);
#2607=FACE_BOUND('',#2383,.T.);
#2608=FACE_BOUND('',#2384,.T.);
#2609=FACE_BOUND('',#2385,.T.);
#2610=FACE_BOUND('',#2386,.T.);
#2611=FACE_BOUND('',#2387,.T.);
#2612=FACE_BOUND('',#2388,.T.);
#2613=FACE_BOUND('',#2389,.T.);
#2614=FACE_BOUND('',#2390,.T.);
#2615=FACE_BOUND('',#2391,.T.);
#2616=FACE_BOUND('',#2392,.T.);
#2617=FACE_BOUND('',#2393,.T.);
#2618=FACE_BOUND('',#2394,.T.);
#2619=FACE_BOUND('',#2395,.T.);
#2620=FACE_BOUND('',#2396,.T.);
#2621=FACE_BOUND('',#2397,.T.);
#2622=FACE_BOUND('',#2398,.T.);
#2623=FACE_BOUND('',#2399,.T.);
#2624=FACE_BOUND('',#2400,.T.);
#2625=FACE_BOUND('',#2401,.T.);
#2626=FACE_BOUND('',#2402,.T.);
#2627=FACE_BOUND('',#2403,.T.);
#2628=FACE_BOUND('',#2404,.T.);
#2629=FACE_BOUND('',#2405,.T.);
#2630=FACE_BOUND('',#2406,.T.);
#2631=FACE_BOUND('',#2407,.T.);
#2632=FACE_BOUND('',#2408,.T.);
#2633=FACE_BOUND('',#2409,.T.);
#2634=FACE_BOUND('',#2410,.T.);
#2635=FACE_BOUND('',#2411,.T.);
#2636=FACE_BOUND('',#2412,.T.);
#2637=FACE_BOUND('',#2413,.T.);
#2638=FACE_BOUND('',#2414,.T.);
#2639=FACE_BOUND('',#2415,.T.);
#2640=FACE_BOUND('',#2416,.T.);
#2641=FACE_BOUND('',#2417,.T.);
#2642=FACE_BOUND('',#2418,.T.);
#2643=FACE_BOUND('',#2419,.T.);
#2644=FACE_BOUND('',#2420,.T.);
#2645=FACE_BOUND('',#2421,.T.);
#2646=FACE_BOUND('',#2422,.T.);
#2647=FACE_BOUND('',#2423,.T.);
#2648=FACE_BOUND('',#2424,.T.);
#2649=FACE_BOUND('',#2425,.T.);
#2650=FACE_BOUND('',#2426,.T.);
#2651=FACE_BOUND('',#2427,.T.);
#2652=FACE_BOUND('',#2428,.T.);
#2653=FACE_BOUND('',#2429,.T.);
#2654=FACE_BOUND('',#2430,.T.);
#2655=FACE_BOUND('',#2431,.T.);
#2656=FACE_BOUND('',#2432,.T.);
#2657=FACE_BOUND('',#2433,.T.);
#2658=FACE_BOUND('',#2434,.T.);
#2659=FACE_BOUND('',#2435,.T.);
#2660=FACE_BOUND('',#2436,.T.);
#2661=FACE_BOUND('',#2437,.T.);
#2662=FACE_BOUND('',#2438,.T.);
#2663=FACE_BOUND('',#2439,.T.);
#2664=FACE_BOUND('',#2440,.T.);
#2665=FACE_BOUND('',#2441,.T.);
#2666=FACE_BOUND('',#2442,.T.);
#2667=FACE_BOUND('',#2443,.T.);
#2668=FACE_BOUND('',#2444,.T.);
#2669=FACE_BOUND('',#2445,.T.);
#2670=FACE_BOUND('',#2446,.T.);
#2671=FACE_BOUND('',#2447,.T.);
#2672=FACE_BOUND('',#2448,.T.);
#2673=FACE_BOUND('',#2449,.T.);
#2674=FACE_BOUND('',#2450,.T.);
#2675=FACE_BOUND('',#2451,.T.);
#2676=FACE_BOUND('',#2452,.T.);
#2677=FACE_BOUND('',#2453,.T.);
#2678=FACE_BOUND('',#2454,.T.);
#2679=FACE_BOUND('',#2455,.T.);
#2680=FACE_BOUND('',#2456,.T.);
#2681=FACE_BOUND('',#2457,.T.);
#2682=FACE_BOUND('',#2458,.T.);
#2683=FACE_BOUND('',#2459,.T.);
#2684=FACE_BOUND('',#2460,.T.);
#2685=FACE_BOUND('',#2461,.T.);
#2686=FACE_BOUND('',#2462,.T.);
#2687=FACE_BOUND('',#2463,.T.);
#2688=FACE_BOUND('',#2464,.T.);
#2689=FACE_BOUND('',#2465,.T.);
#2690=FACE_BOUND('',#2466,.T.);
#2691=FACE_BOUND('',#2467,.T.);
#2692=FACE_BOUND('',#2468,.T.);
#2693=FACE_BOUND('',#2469,.T.);
#2694=FACE_BOUND('',#2470,.T.);
#2695=FACE_BOUND('',#2471,.T.);
#2696=FACE_BOUND('',#2472,.T.);
#2697=FACE_BOUND('',#2473,.T.);
#2698=FACE_BOUND('',#2474,.T.);
#2699=FACE_BOUND('',#2475,.T.);
#2700=FACE_BOUND('',#2476,.T.);
#2701=FACE_BOUND('',#2477,.T.);
#2702=FACE_BOUND('',#2478,.T.);
#2703=FACE_BOUND('',#2479,.T.);
#2704=FACE_BOUND('',#2480,.T.);
#2705=FACE_BOUND('',#2481,.T.);
#2706=FACE_BOUND('',#2482,.T.);
#2707=FACE_BOUND('',#2483,.T.);
#2708=FACE_BOUND('',#2484,.T.);
#2709=FACE_BOUND('',#2485,.T.);
#2710=FACE_BOUND('',#2486,.T.);
#2711=FACE_BOUND('',#2487,.T.);
#2712=FACE_BOUND('',#2488,.T.);
#2713=FACE_BOUND('',#2489,.T.);
#2714=FACE_BOUND('',#2490,.T.);
#2715=FACE_BOUND('',#2491,.T.);
#2716=FACE_BOUND('',#2492,.T.);
#2717=FACE_BOUND('',#2493,.T.);
#2718=FACE_BOUND('',#2494,.T.);
#2719=FACE_BOUND('',#2495,.T.);
#2720=FACE_BOUND('',#2496,.T.);
#2721=FACE_BOUND('',#2497,.T.);
#2722=FACE_BOUND('',#2498,.T.);
#2723=FACE_BOUND('',#2499,.T.);
#2724=FACE_BOUND('',#2500,.T.);
#2725=FACE_BOUND('',#2501,.T.);
#2726=FACE_BOUND('',#2502,.T.);
#2727=FACE_BOUND('',#2503,.T.);
#2728=FACE_BOUND('',#2504,.T.);
#2729=FACE_BOUND('',#2505,.T.);
#2730=FACE_BOUND('',#2506,.T.);
#2731=FACE_BOUND('',#2507,.T.);
#2732=FACE_BOUND('',#2508,.T.);
#2733=FACE_BOUND('',#2509,.T.);
#2734=FACE_BOUND('',#2510,.T.);
#2735=FACE_BOUND('',#2511,.T.);
#2736=FACE_BOUND('',#2512,.T.);
#2737=FACE_BOUND('',#2513,.T.);
#2738=FACE_BOUND('',#2514,.T.);
#2739=FACE_BOUND('',#2515,.T.);
#2740=FACE_BOUND('',#2516,.T.);
#2741=FACE_BOUND('',#2517,.T.);
#2742=FACE_BOUND('',#2518,.T.);
#2743=FACE_BOUND('',#2519,.T.);
#2744=FACE_BOUND('',#2520,.T.);
#2745=FACE_BOUND('',#2521,.T.);
#2746=FACE_BOUND('',#2522,.T.);
#2747=FACE_BOUND('',#2523,.T.);
#2748=FACE_BOUND('',#2524,.T.);
#2749=FACE_BOUND('',#2525,.T.);
#2750=FACE_BOUND('',#2526,.T.);
#2751=FACE_BOUND('',#2527,.T.);
#2752=FACE_BOUND('',#2528,.T.);
#2753=FACE_BOUND('',#2529,.T.);
#2754=FACE_BOUND('',#2530,.T.);
#2755=FACE_BOUND('',#2531,.T.);
#2756=FACE_BOUND('',#2532,.T.);
#2757=FACE_BOUND('',#2533,.T.);
#2758=FACE_BOUND('',#2534,.T.);
#2759=FACE_BOUND('',#2535,.T.);
#2760=FACE_BOUND('',#2536,.T.);
#2761=FACE_BOUND('',#2537,.T.);
#2762=FACE_BOUND('',#2538,.T.);
#2763=FACE_BOUND('',#2539,.T.);
#2764=FACE_BOUND('',#2540,.T.);
#2765=FACE_BOUND('',#2541,.T.);
#2766=FACE_BOUND('',#2542,.T.);
#2767=FACE_BOUND('',#2543,.T.);
#2768=FACE_BOUND('',#2544,.T.);
#2769=FACE_BOUND('',#2545,.T.);
#2770=FACE_BOUND('',#2546,.T.);
#2771=FACE_BOUND('',#2547,.T.);
#2772=FACE_BOUND('',#2548,.T.);
#2773=FACE_BOUND('',#2549,.T.);
#2774=FACE_BOUND('',#2550,.T.);
#2775=FACE_BOUND('',#2551,.T.);
#2776=FACE_BOUND('',#2552,.T.);
#2777=FACE_BOUND('',#2553,.T.);
#2778=FACE_BOUND('',#2554,.T.);
#2779=FACE_BOUND('',#2555,.T.);
#2780=FACE_BOUND('',#2556,.T.);
#2781=FACE_BOUND('',#2557,.T.);
#2782=FACE_BOUND('',#2558,.T.);
#2783=FACE_BOUND('',#2559,.T.);
#2784=FACE_BOUND('',#2560,.T.);
#2785=FACE_BOUND('',#2561,.T.);
#2786=FACE_BOUND('',#2562,.T.);
#2787=FACE_BOUND('',#2563,.T.);
#2788=FACE_BOUND('',#2564,.T.);
#2789=FACE_BOUND('',#2565,.T.);
#2790=FACE_BOUND('',#2566,.T.);
#2791=FACE_BOUND('',#2567,.T.);
#2792=FACE_BOUND('',#2568,.T.);
#2793=FACE_BOUND('',#2569,.T.);
#2794=FACE_BOUND('',#2570,.T.);
#2795=FACE_BOUND('',#2571,.T.);
#2796=FACE_BOUND('',#2572,.T.);
#2797=FACE_BOUND('',#2573,.T.);
#2798=FACE_BOUND('',#2574,.T.);
#2799=FACE_BOUND('',#2575,.T.);
#2800=FACE_BOUND('',#2576,.T.);
#2801=FACE_BOUND('',#2577,.T.);
#2802=FACE_BOUND('',#2578,.T.);
#2803=FACE_BOUND('',#2579,.T.);
#2804=FACE_BOUND('',#2580,.T.);
#2805=FACE_BOUND('',#2581,.T.);
#2806=FACE_BOUND('',#2582,.T.);
#2807=FACE_BOUND('',#2583,.T.);
#2808=FACE_BOUND('',#2584,.T.);
#2809=FACE_BOUND('',#2585,.T.);
#2810=FACE_BOUND('',#2586,.T.);
#2811=FACE_BOUND('',#2587,.T.);
#2812=FACE_BOUND('',#2588,.T.);
#2813=FACE_BOUND('',#2589,.T.);
#2814=FACE_BOUND('',#2590,.T.);
#2815=FACE_BOUND('',#2591,.T.);
#2816=FACE_BOUND('',#2592,.T.);
#2817=FACE_BOUND('',#2593,.T.);
#2818=FACE_BOUND('',#2594,.T.);
#2819=FACE_BOUND('',#2595,.T.);
#2820=FACE_BOUND('',#2596,.T.);
#2821=FACE_BOUND('',#2597,.T.);
#2822=FACE_BOUND('',#2598,.T.);
#2823=FACE_BOUND('',#2599,.T.);
#2824=FACE_BOUND('',#2600,.T.);
#2825=FACE_BOUND('',#2601,.T.);
#2826=FACE_BOUND('',#2602,.T.);
#2827=PLANE('',#3121);
#2828=PLANE('',#3122);
#2829=PLANE('',#3123);
#2830=PLANE('',#3124);
#2831=PLANE('',#3125);
#2832=PLANE('',#3126);
#2833=PLANE('',#3127);
#2834=PLANE('',#3128);
#2835=PLANE('',#3129);
#2836=PLANE('',#3130);
#2837=PLANE('',#3131);
#2838=PLANE('',#3132);
#2839=PLANE('',#3133);
#2840=PLANE('',#3134);
#2841=PLANE('',#3135);
#2842=PLANE('',#3136);
#2843=PLANE('',#3137);
#2844=PLANE('',#3138);
#2845=PLANE('',#3139);
#2846=PLANE('',#3140);
#2847=PLANE('',#3141);
#2848=PLANE('',#3142);
#2849=PLANE('',#3143);
#2850=PLANE('',#3144);
#2851=PLANE('',#3145);
#2852=PLANE('',#3146);
#2853=PLANE('',#3147);
#2854=PLANE('',#3148);
#2855=PLANE('',#3149);
#2856=PLANE('',#3150);
#2857=PLANE('',#3151);
#2858=PLANE('',#3152);
#2859=PLANE('',#3153);
#2860=PLANE('',#3154);
#2861=PLANE('',#3155);
#2862=PLANE('',#3156);
#2863=PLANE('',#3157);
#2864=PLANE('',#3158);
#2865=PLANE('',#3159);
#2866=PLANE('',#3160);
#2867=PLANE('',#3161);
#2868=PLANE('',#3162);
#2869=PLANE('',#3163);
#2870=PLANE('',#3164);
#2871=PLANE('',#3165);
#2872=PLANE('',#3166);
#2873=PLANE('',#3167);
#2874=PLANE('',#3168);
#2875=PLANE('',#3169);
#2876=PLANE('',#3170);
#2877=PLANE('',#3171);
#2878=PLANE('',#3172);
#2879=PLANE('',#3173);
#2880=PLANE('',#3174);
#2881=PLANE('',#3175);
#2882=PLANE('',#3176);
#2883=PLANE('',#3177);
#2884=PLANE('',#3178);
#2885=PLANE('',#3179);
#2886=PLANE('',#3180);
#2887=PLANE('',#3181);
#2888=PLANE('',#3182);
#2889=PLANE('',#3183);
#2890=PLANE('',#3184);
#2891=PLANE('',#3185);
#2892=PLANE('',#3186);
#2893=PLANE('',#3187);
#2894=PLANE('',#3188);
#2895=PLANE('',#3189);
#2896=PLANE('',#3190);
#2897=PLANE('',#3191);
#2898=PLANE('',#3192);
#2899=PLANE('',#3193);
#2900=PLANE('',#3194);
#2901=PLANE('',#3195);
#2902=PLANE('',#3196);
#2903=PLANE('',#3197);
#2904=PLANE('',#3198);
#2905=PLANE('',#3199);
#2906=PLANE('',#3200);
#2907=PLANE('',#3201);
#2908=PLANE('',#3202);
#2909=PLANE('',#3203);
#2910=PLANE('',#3204);
#2911=PLANE('',#3205);
#2912=PLANE('',#3206);
#2913=PLANE('',#3207);
#2914=PLANE('',#3208);
#2915=PLANE('',#3209);
#2916=PLANE('',#3210);
#2917=PLANE('',#3211);
#2918=PLANE('',#3212);
#2919=PLANE('',#3213);
#2920=PLANE('',#3214);
#2921=PLANE('',#3215);
#2922=PLANE('',#3216);
#2923=PLANE('',#3217);
#2924=PLANE('',#3218);
#2925=PLANE('',#3219);
#2926=PLANE('',#3220);
#2927=PLANE('',#3221);
#2928=PLANE('',#3222);
#2929=PLANE('',#3223);
#2930=PLANE('',#3224);
#2931=PLANE('',#3225);
#2932=PLANE('',#3226);
#2933=PLANE('',#3227);
#2934=PLANE('',#3228);
#2935=PLANE('',#3229);
#2936=PLANE('',#3230);
#2937=PLANE('',#3231);
#2938=PLANE('',#3232);
#2939=PLANE('',#3233);
#2940=PLANE('',#3234);
#2941=PLANE('',#3235);
#2942=PLANE('',#3236);
#2943=PLANE('',#3237);
#2944=PLANE('',#3238);
#2945=PLANE('',#3239);
#2946=PLANE('',#3240);
#2947=PLANE('',#3241);
#2948=PLANE('',#3242);
#2949=PLANE('',#3243);
#2950=PLANE('',#3244);
#2951=PLANE('',#3245);
#2952=PLANE('',#3246);
#2953=PLANE('',#3247);
#2954=PLANE('',#3248);
#2955=PLANE('',#3249);
#2956=PLANE('',#3250);
#2957=PLANE('',#3251);
#2958=PLANE('',#3252);
#2959=PLANE('',#3268);
#2960=PLANE('',#3269);
#2961=PLANE('',#3270);
#2962=PLANE('',#3271);
#2963=PLANE('',#3272);
#2964=PLANE('',#3273);
#2965=ADVANCED_FACE('',(#2603),#2827,.T.);
#2966=ADVANCED_FACE('',(#2604),#2828,.F.);
#2967=ADVANCED_FACE('',(#2605),#2829,.F.);
#2968=ADVANCED_FACE('',(#2606),#2830,.T.);
#2969=ADVANCED_FACE('',(#2607),#2831,.F.);
#2970=ADVANCED_FACE('',(#2608),#2832,.F.);
#2971=ADVANCED_FACE('',(#2609),#2833,.T.);
#2972=ADVANCED_FACE('',(#2610),#2834,.F.);
#2973=ADVANCED_FACE('',(#2611),#2835,.F.);
#2974=ADVANCED_FACE('',(#2612),#2836,.T.);
#2975=ADVANCED_FACE('',(#2613),#2837,.F.);
#2976=ADVANCED_FACE('',(#2614),#2838,.F.);
#2977=ADVANCED_FACE('',(#2615),#2839,.T.);
#2978=ADVANCED_FACE('',(#2616),#2840,.F.);
#2979=ADVANCED_FACE('',(#2617),#2841,.F.);
#2980=ADVANCED_FACE('',(#2618),#2842,.T.);
#2981=ADVANCED_FACE('',(#2619),#2843,.F.);
#2982=ADVANCED_FACE('',(#2620),#2844,.F.);
#2983=ADVANCED_FACE('',(#2621),#2845,.T.);
#2984=ADVANCED_FACE('',(#2622),#2846,.F.);
#2985=ADVANCED_FACE('',(#2623),#2847,.F.);
#2986=ADVANCED_FACE('',(#2624),#2848,.T.);
#2987=ADVANCED_FACE('',(#2625),#2849,.F.);
#2988=ADVANCED_FACE('',(#2626),#2850,.F.);
#2989=ADVANCED_FACE('',(#2627),#2851,.T.);
#2990=ADVANCED_FACE('',(#2628),#2852,.F.);
#2991=ADVANCED_FACE('',(#2629),#2853,.F.);
#2992=ADVANCED_FACE('',(#2630),#2854,.T.);
#2993=ADVANCED_FACE('',(#2631),#2855,.F.);
#2994=ADVANCED_FACE('',(#2632),#2856,.F.);
#2995=ADVANCED_FACE('',(#2633),#2857,.T.);
#2996=ADVANCED_FACE('',(#2634),#2858,.F.);
#2997=ADVANCED_FACE('',(#2635),#2859,.F.);
#2998=ADVANCED_FACE('',(#2636),#2860,.T.);
#2999=ADVANCED_FACE('',(#2637),#2861,.F.);
#3000=ADVANCED_FACE('',(#2638),#2862,.F.);
#3001=ADVANCED_FACE('',(#2639),#2863,.T.);
#3002=ADVANCED_FACE('',(#2640),#2864,.F.);
#3003=ADVANCED_FACE('',(#2641),#2865,.F.);
#3004=ADVANCED_FACE('',(#2642),#2866,.T.);
#3005=ADVANCED_FACE('',(#2643),#2867,.F.);
#3006=ADVANCED_FACE('',(#2644),#2868,.F.);
#3007=ADVANCED_FACE('',(#2645),#2869,.T.);
#3008=ADVANCED_FACE('',(#2646),#2870,.F.);
#3009=ADVANCED_FACE('',(#2647),#2871,.F.);
#3010=ADVANCED_FACE('',(#2648),#2872,.T.);
#3011=ADVANCED_FACE('',(#2649),#2873,.F.);
#3012=ADVANCED_FACE('',(#2650),#2874,.F.);
#3013=ADVANCED_FACE('',(#2651),#2875,.T.);
#3014=ADVANCED_FACE('',(#2652),#2876,.F.);
#3015=ADVANCED_FACE('',(#2653),#2877,.F.);
#3016=ADVANCED_FACE('',(#2654),#2878,.T.);
#3017=ADVANCED_FACE('',(#2655),#2879,.F.);
#3018=ADVANCED_FACE('',(#2656),#2880,.F.);
#3019=ADVANCED_FACE('',(#2657),#2881,.T.);
#3020=ADVANCED_FACE('',(#2658),#2882,.F.);
#3021=ADVANCED_FACE('',(#2659),#2883,.F.);
#3022=ADVANCED_FACE('',(#2660),#2884,.T.);
#3023=ADVANCED_FACE('',(#2661),#2885,.F.);
#3024=ADVANCED_FACE('',(#2662),#2886,.F.);
#3025=ADVANCED_FACE('',(#2663),#2887,.T.);
#3026=ADVANCED_FACE('',(#2664),#2888,.F.);
#3027=ADVANCED_FACE('',(#2665),#2889,.F.);
#3028=ADVANCED_FACE('',(#2666),#2890,.T.);
#3029=ADVANCED_FACE('',(#2667),#2891,.F.);
#3030=ADVANCED_FACE('',(#2668),#2892,.F.);
#3031=ADVANCED_FACE('',(#2669),#2893,.T.);
#3032=ADVANCED_FACE('',(#2670),#2894,.F.);
#3033=ADVANCED_FACE('',(#2671),#2895,.F.);
#3034=ADVANCED_FACE('',(#2672),#2896,.T.);
#3035=ADVANCED_FACE('',(#2673),#2897,.F.);
#3036=ADVANCED_FACE('',(#2674),#2898,.F.);
#3037=ADVANCED_FACE('',(#2675),#2899,.T.);
#3038=ADVANCED_FACE('',(#2676),#2900,.F.);
#3039=ADVANCED_FACE('',(#2677),#2901,.F.);
#3040=ADVANCED_FACE('',(#2678),#2902,.T.);
#3041=ADVANCED_FACE('',(#2679),#2903,.F.);
#3042=ADVANCED_FACE('',(#2680),#2904,.F.);
#3043=ADVANCED_FACE('',(#2681),#2905,.T.);
#3044=ADVANCED_FACE('',(#2682),#2906,.F.);
#3045=ADVANCED_FACE('',(#2683),#2907,.F.);
#3046=ADVANCED_FACE('',(#2684),#2908,.T.);
#3047=ADVANCED_FACE('',(#2685),#2909,.F.);
#3048=ADVANCED_FACE('',(#2686),#2910,.F.);
#3049=ADVANCED_FACE('',(#2687),#2911,.T.);
#3050=ADVANCED_FACE('',(#2688),#2912,.F.);
#3051=ADVANCED_FACE('',(#2689),#2913,.F.);
#3052=ADVANCED_FACE('',(#2690),#2914,.T.);
#3053=ADVANCED_FACE('',(#2691),#2915,.T.);
#3054=ADVANCED_FACE('',(#2692),#2916,.T.);
#3055=ADVANCED_FACE('',(#2693),#2917,.F.);
#3056=ADVANCED_FACE('',(#2694),#2918,.F.);
#3057=ADVANCED_FACE('',(#2695),#2919,.F.);
#3058=ADVANCED_FACE('',(#2696),#2920,.T.);
#3059=ADVANCED_FACE('',(#2697),#2921,.F.);
#3060=ADVANCED_FACE('',(#2698),#2922,.F.);
#3061=ADVANCED_FACE('',(#2699),#2923,.T.);
#3062=ADVANCED_FACE('',(#2700),#2924,.T.);
#3063=ADVANCED_FACE('',(#2701),#2925,.F.);
#3064=ADVANCED_FACE('',(#2702),#2926,.T.);
#3065=ADVANCED_FACE('',(#2703),#2927,.F.);
#3066=ADVANCED_FACE('',(#2704),#2928,.F.);
#3067=ADVANCED_FACE('',(#2705),#2929,.T.);
#3068=ADVANCED_FACE('',(#2706),#2930,.T.);
#3069=ADVANCED_FACE('',(#2707),#2931,.T.);
#3070=ADVANCED_FACE('',(#2708),#2932,.T.);
#3071=ADVANCED_FACE('',(#2709),#2933,.T.);
#3072=ADVANCED_FACE('',(#2710),#2934,.T.);
#3073=ADVANCED_FACE('',(#2711),#2935,.T.);
#3074=ADVANCED_FACE('',(#2712),#2936,.T.);
#3075=ADVANCED_FACE('',(#2713),#2937,.T.);
#3076=ADVANCED_FACE('',(#2714),#2938,.T.);
#3077=ADVANCED_FACE('',(#2715),#2939,.T.);
#3078=ADVANCED_FACE('',(#2716),#2940,.T.);
#3079=ADVANCED_FACE('',(#2717),#2941,.T.);
#3080=ADVANCED_FACE('',(#2718),#2942,.T.);
#3081=ADVANCED_FACE('',(#2719),#2943,.T.);
#3082=ADVANCED_FACE('',(#2720),#2944,.T.);
#3083=ADVANCED_FACE('',(#2721),#2945,.T.);
#3084=ADVANCED_FACE('',(#2722),#2946,.T.);
#3085=ADVANCED_FACE('',(#2723),#2947,.T.);
#3086=ADVANCED_FACE('',(#2724),#2948,.T.);
#3087=ADVANCED_FACE('',(#2725),#2949,.T.);
#3088=ADVANCED_FACE('',(#2726),#2950,.T.);
#3089=ADVANCED_FACE('',(#2727),#2951,.T.);
#3090=ADVANCED_FACE('',(#2728),#2952,.T.);
#3091=ADVANCED_FACE('',(#2729),#2953,.T.);
#3092=ADVANCED_FACE('',(#2730),#2954,.T.);
#3093=ADVANCED_FACE('',(#2731),#2955,.T.);
#3094=ADVANCED_FACE('',(#2732),#2956,.T.);
#3095=ADVANCED_FACE('',(#2733),#2957,.F.);
#3096=ADVANCED_FACE('',(#2734),#2958,.F.);
#3097=ADVANCED_FACE('',(#2735,#2736),#22,.F.);
#3098=ADVANCED_FACE('',(#2737,#2738),#23,.F.);
#3099=ADVANCED_FACE('',(#2739,#2740),#24,.F.);
#3100=ADVANCED_FACE('',(#2741,#2742),#25,.F.);
#3101=ADVANCED_FACE('',(#2743,#2744),#26,.F.);
#3102=ADVANCED_FACE('',(#2745),#2959,.T.);
#3103=ADVANCED_FACE('',(#2746),#2960,.F.);
#3104=ADVANCED_FACE('',(#2747),#2961,.T.);
#3105=ADVANCED_FACE('',(#2748),#2962,.T.);
#3106=ADVANCED_FACE('',(#2749,#2750,#2751,#2752,#2753,#2754,#2755,#2756,
#2757,#2758,#2759,#2760,#2761,#2762,#2763,#2764,#2765,#2766,#2767,#2768,
#2769,#2770,#2771,#2772,#2773,#2774,#2775,#2776,#2777,#2778,#2779,#2780,
#2781,#2782,#2783,#2784,#2785,#2786,#2787),#2963,.T.);
#3107=ADVANCED_FACE('',(#2788,#2789,#2790,#2791,#2792,#2793,#2794,#2795,
#2796,#2797,#2798,#2799,#2800,#2801,#2802,#2803,#2804,#2805,#2806,#2807,
#2808,#2809,#2810,#2811,#2812,#2813,#2814,#2815,#2816,#2817,#2818,#2819,
#2820,#2821,#2822,#2823,#2824,#2825,#2826),#2964,.F.);
#3108=CLOSED_SHELL('',(#2965,#2966,#2967,#2968,#2969,#2970,#2971,#2972,
#2973,#2974,#2975,#2976,#2977,#2978,#2979,#2980,#2981,#2982,#2983,#2984,
#2985,#2986,#2987,#2988,#2989,#2990,#2991,#2992,#2993,#2994,#2995,#2996,
#2997,#2998,#2999,#3000,#3001,#3002,#3003,#3004,#3005,#3006,#3007,#3008,
#3009,#3010,#3011,#3012,#3013,#3014,#3015,#3016,#3017,#3018,#3019,#3020,
#3021,#3022,#3023,#3024,#3025,#3026,#3027,#3028,#3029,#3030,#3031,#3032,
#3033,#3034,#3035,#3036,#3037,#3038,#3039,#3040,#3041,#3042,#3043,#3044,
#3045,#3046,#3047,#3048,#3049,#3050,#3051,#3052,#3053,#3054,#3055,#3056,
#3057,#3058,#3059,#3060,#3061,#3062,#3063,#3064,#3065,#3066,#3067,#3068,
#3069,#3070,#3071,#3072,#3073,#3074,#3075,#3076,#3077,#3078,#3079,#3080,
#3081,#3082,#3083,#3084,#3085,#3086,#3087,#3088,#3089,#3090,#3091,#3092,
#3093,#3094,#3095,#3096,#3097,#3098,#3099,#3100,#3101,#3102,#3103,#3104,
#3105,#3106,#3107));
#3109=STYLED_ITEM('',(#3110),#3117);
#3110=PRESENTATION_STYLE_ASSIGNMENT((#3111));
#3111=SURFACE_STYLE_USAGE(.BOTH.,#3112);
#3112=SURFACE_SIDE_STYLE('',(#3113));
#3113=SURFACE_STYLE_FILL_AREA(#3114);
#3114=FILL_AREA_STYLE('',(#3115));
#3115=FILL_AREA_STYLE_COLOUR('',#3116);
#3116=COLOUR_RGB('',0.458823529411765,0.105882352941176,0.);
#3117=MANIFOLD_SOLID_BREP('Part 2',#3108);
#3118=SHAPE_DEFINITION_REPRESENTATION(#4840,#3119);
#3119=SHAPE_REPRESENTATION('Part 2',(#3120),#4835);
#3120=AXIS2_PLACEMENT_3D('',#3990,#3274,#3275);
#3121=AXIS2_PLACEMENT_3D('',#3991,#3276,#3277);
#3122=AXIS2_PLACEMENT_3D('',#4000,#3282,#3283);
#3123=AXIS2_PLACEMENT_3D('',#4006,#3287,#3288);
#3124=AXIS2_PLACEMENT_3D('',#4012,#3292,#3293);
#3125=AXIS2_PLACEMENT_3D('',#4021,#3298,#3299);
#3126=AXIS2_PLACEMENT_3D('',#4027,#3303,#3304);
#3127=AXIS2_PLACEMENT_3D('',#4033,#3308,#3309);
#3128=AXIS2_PLACEMENT_3D('',#4042,#3314,#3315);
#3129=AXIS2_PLACEMENT_3D('',#4048,#3319,#3320);
#3130=AXIS2_PLACEMENT_3D('',#4054,#3324,#3325);
#3131=AXIS2_PLACEMENT_3D('',#4063,#3330,#3331);
#3132=AXIS2_PLACEMENT_3D('',#4069,#3335,#3336);
#3133=AXIS2_PLACEMENT_3D('',#4075,#3340,#3341);
#3134=AXIS2_PLACEMENT_3D('',#4084,#3346,#3347);
#3135=AXIS2_PLACEMENT_3D('',#4090,#3351,#3352);
#3136=AXIS2_PLACEMENT_3D('',#4096,#3356,#3357);
#3137=AXIS2_PLACEMENT_3D('',#4105,#3362,#3363);
#3138=AXIS2_PLACEMENT_3D('',#4111,#3367,#3368);
#3139=AXIS2_PLACEMENT_3D('',#4117,#3372,#3373);
#3140=AXIS2_PLACEMENT_3D('',#4126,#3378,#3379);
#3141=AXIS2_PLACEMENT_3D('',#4132,#3383,#3384);
#3142=AXIS2_PLACEMENT_3D('',#4138,#3388,#3389);
#3143=AXIS2_PLACEMENT_3D('',#4147,#3394,#3395);
#3144=AXIS2_PLACEMENT_3D('',#4153,#3399,#3400);
#3145=AXIS2_PLACEMENT_3D('',#4159,#3404,#3405);
#3146=AXIS2_PLACEMENT_3D('',#4168,#3410,#3411);
#3147=AXIS2_PLACEMENT_3D('',#4174,#3415,#3416);
#3148=AXIS2_PLACEMENT_3D('',#4180,#3420,#3421);
#3149=AXIS2_PLACEMENT_3D('',#4189,#3426,#3427);
#3150=AXIS2_PLACEMENT_3D('',#4195,#3431,#3432);
#3151=AXIS2_PLACEMENT_3D('',#4201,#3436,#3437);
#3152=AXIS2_PLACEMENT_3D('',#4210,#3442,#3443);
#3153=AXIS2_PLACEMENT_3D('',#4216,#3447,#3448);
#3154=AXIS2_PLACEMENT_3D('',#4222,#3452,#3453);
#3155=AXIS2_PLACEMENT_3D('',#4231,#3458,#3459);
#3156=AXIS2_PLACEMENT_3D('',#4237,#3463,#3464);
#3157=AXIS2_PLACEMENT_3D('',#4243,#3468,#3469);
#3158=AXIS2_PLACEMENT_3D('',#4252,#3474,#3475);
#3159=AXIS2_PLACEMENT_3D('',#4258,#3479,#3480);
#3160=AXIS2_PLACEMENT_3D('',#4264,#3484,#3485);
#3161=AXIS2_PLACEMENT_3D('',#4273,#3490,#3491);
#3162=AXIS2_PLACEMENT_3D('',#4279,#3495,#3496);
#3163=AXIS2_PLACEMENT_3D('',#4285,#3500,#3501);
#3164=AXIS2_PLACEMENT_3D('',#4294,#3506,#3507);
#3165=AXIS2_PLACEMENT_3D('',#4300,#3511,#3512);
#3166=AXIS2_PLACEMENT_3D('',#4306,#3516,#3517);
#3167=AXIS2_PLACEMENT_3D('',#4315,#3522,#3523);
#3168=AXIS2_PLACEMENT_3D('',#4321,#3527,#3528);
#3169=AXIS2_PLACEMENT_3D('',#4327,#3532,#3533);
#3170=AXIS2_PLACEMENT_3D('',#4336,#3538,#3539);
#3171=AXIS2_PLACEMENT_3D('',#4342,#3543,#3544);
#3172=AXIS2_PLACEMENT_3D('',#4348,#3548,#3549);
#3173=AXIS2_PLACEMENT_3D('',#4357,#3554,#3555);
#3174=AXIS2_PLACEMENT_3D('',#4363,#3559,#3560);
#3175=AXIS2_PLACEMENT_3D('',#4369,#3564,#3565);
#3176=AXIS2_PLACEMENT_3D('',#4378,#3570,#3571);
#3177=AXIS2_PLACEMENT_3D('',#4384,#3575,#3576);
#3178=AXIS2_PLACEMENT_3D('',#4390,#3580,#3581);
#3179=AXIS2_PLACEMENT_3D('',#4399,#3586,#3587);
#3180=AXIS2_PLACEMENT_3D('',#4405,#3591,#3592);
#3181=AXIS2_PLACEMENT_3D('',#4411,#3596,#3597);
#3182=AXIS2_PLACEMENT_3D('',#4420,#3602,#3603);
#3183=AXIS2_PLACEMENT_3D('',#4426,#3607,#3608);
#3184=AXIS2_PLACEMENT_3D('',#4432,#3612,#3613);
#3185=AXIS2_PLACEMENT_3D('',#4441,#3618,#3619);
#3186=AXIS2_PLACEMENT_3D('',#4447,#3623,#3624);
#3187=AXIS2_PLACEMENT_3D('',#4453,#3628,#3629);
#3188=AXIS2_PLACEMENT_3D('',#4462,#3634,#3635);
#3189=AXIS2_PLACEMENT_3D('',#4468,#3639,#3640);
#3190=AXIS2_PLACEMENT_3D('',#4474,#3644,#3645);
#3191=AXIS2_PLACEMENT_3D('',#4483,#3650,#3651);
#3192=AXIS2_PLACEMENT_3D('',#4489,#3655,#3656);
#3193=AXIS2_PLACEMENT_3D('',#4495,#3660,#3661);
#3194=AXIS2_PLACEMENT_3D('',#4504,#3666,#3667);
#3195=AXIS2_PLACEMENT_3D('',#4510,#3671,#3672);
#3196=AXIS2_PLACEMENT_3D('',#4516,#3676,#3677);
#3197=AXIS2_PLACEMENT_3D('',#4525,#3682,#3683);
#3198=AXIS2_PLACEMENT_3D('',#4531,#3687,#3688);
#3199=AXIS2_PLACEMENT_3D('',#4537,#3692,#3693);
#3200=AXIS2_PLACEMENT_3D('',#4546,#3698,#3699);
#3201=AXIS2_PLACEMENT_3D('',#4552,#3703,#3704);
#3202=AXIS2_PLACEMENT_3D('',#4558,#3708,#3709);
#3203=AXIS2_PLACEMENT_3D('',#4567,#3714,#3715);
#3204=AXIS2_PLACEMENT_3D('',#4573,#3719,#3720);
#3205=AXIS2_PLACEMENT_3D('',#4579,#3724,#3725);
#3206=AXIS2_PLACEMENT_3D('',#4588,#3730,#3731);
#3207=AXIS2_PLACEMENT_3D('',#4594,#3735,#3736);
#3208=AXIS2_PLACEMENT_3D('',#4600,#3740,#3741);
#3209=AXIS2_PLACEMENT_3D('',#4609,#3746,#3747);
#3210=AXIS2_PLACEMENT_3D('',#4615,#3751,#3752);
#3211=AXIS2_PLACEMENT_3D('',#4621,#3756,#3757);
#3212=AXIS2_PLACEMENT_3D('',#4630,#3762,#3763);
#3213=AXIS2_PLACEMENT_3D('',#4636,#3767,#3768);
#3214=AXIS2_PLACEMENT_3D('',#4642,#3772,#3773);
#3215=AXIS2_PLACEMENT_3D('',#4651,#3778,#3779);
#3216=AXIS2_PLACEMENT_3D('',#4657,#3783,#3784);
#3217=AXIS2_PLACEMENT_3D('',#4663,#3788,#3789);
#3218=AXIS2_PLACEMENT_3D('',#4672,#3794,#3795);
#3219=AXIS2_PLACEMENT_3D('',#4678,#3799,#3800);
#3220=AXIS2_PLACEMENT_3D('',#4684,#3804,#3805);
#3221=AXIS2_PLACEMENT_3D('',#4693,#3810,#3811);
#3222=AXIS2_PLACEMENT_3D('',#4699,#3815,#3816);
#3223=AXIS2_PLACEMENT_3D('',#4705,#3820,#3821);
#3224=AXIS2_PLACEMENT_3D('',#4708,#3824,#3825);
#3225=AXIS2_PLACEMENT_3D('',#4711,#3828,#3829);
#3226=AXIS2_PLACEMENT_3D('',#4714,#3832,#3833);
#3227=AXIS2_PLACEMENT_3D('',#4717,#3836,#3837);
#3228=AXIS2_PLACEMENT_3D('',#4720,#3840,#3841);
#3229=AXIS2_PLACEMENT_3D('',#4723,#3844,#3845);
#3230=AXIS2_PLACEMENT_3D('',#4726,#3848,#3849);
#3231=AXIS2_PLACEMENT_3D('',#4729,#3852,#3853);
#3232=AXIS2_PLACEMENT_3D('',#4732,#3856,#3857);
#3233=AXIS2_PLACEMENT_3D('',#4735,#3860,#3861);
#3234=AXIS2_PLACEMENT_3D('',#4738,#3864,#3865);
#3235=AXIS2_PLACEMENT_3D('',#4741,#3868,#3869);
#3236=AXIS2_PLACEMENT_3D('',#4744,#3872,#3873);
#3237=AXIS2_PLACEMENT_3D('',#4747,#3876,#3877);
#3238=AXIS2_PLACEMENT_3D('',#4750,#3880,#3881);
#3239=AXIS2_PLACEMENT_3D('',#4753,#3884,#3885);
#3240=AXIS2_PLACEMENT_3D('',#4756,#3888,#3889);
#3241=AXIS2_PLACEMENT_3D('',#4759,#3892,#3893);
#3242=AXIS2_PLACEMENT_3D('',#4762,#3896,#3897);
#3243=AXIS2_PLACEMENT_3D('',#4765,#3900,#3901);
#3244=AXIS2_PLACEMENT_3D('',#4768,#3904,#3905);
#3245=AXIS2_PLACEMENT_3D('',#4771,#3908,#3909);
#3246=AXIS2_PLACEMENT_3D('',#4774,#3912,#3913);
#3247=AXIS2_PLACEMENT_3D('',#4777,#3916,#3917);
#3248=AXIS2_PLACEMENT_3D('',#4780,#3920,#3921);
#3249=AXIS2_PLACEMENT_3D('',#4783,#3924,#3925);
#3250=AXIS2_PLACEMENT_3D('',#4786,#3928,#3929);
#3251=AXIS2_PLACEMENT_3D('',#4789,#3932,#3933);
#3252=AXIS2_PLACEMENT_3D('',#4792,#3936,#3937);
#3253=AXIS2_PLACEMENT_3D('',#4795,#3940,#3941);
#3254=AXIS2_PLACEMENT_3D('',#4796,#3942,#3943);
#3255=AXIS2_PLACEMENT_3D('',#4798,#3944,#3945);
#3256=AXIS2_PLACEMENT_3D('',#4800,#3946,#3947);
#3257=AXIS2_PLACEMENT_3D('',#4801,#3948,#3949);
#3258=AXIS2_PLACEMENT_3D('',#4803,#3950,#3951);
#3259=AXIS2_PLACEMENT_3D('',#4805,#3952,#3953);
#3260=AXIS2_PLACEMENT_3D('',#4806,#3954,#3955);
#3261=AXIS2_PLACEMENT_3D('',#4808,#3956,#3957);
#3262=AXIS2_PLACEMENT_3D('',#4810,#3958,#3959);
#3263=AXIS2_PLACEMENT_3D('',#4811,#3960,#3961);
#3264=AXIS2_PLACEMENT_3D('',#4813,#3962,#3963);
#3265=AXIS2_PLACEMENT_3D('',#4815,#3964,#3965);
#3266=AXIS2_PLACEMENT_3D('',#4816,#3966,#3967);
#3267=AXIS2_PLACEMENT_3D('',#4818,#3968,#3969);
#3268=AXIS2_PLACEMENT_3D('',#4820,#3970,#3971);
#3269=AXIS2_PLACEMENT_3D('',#4823,#3974,#3975);
#3270=AXIS2_PLACEMENT_3D('',#4826,#3978,#3979);
#3271=AXIS2_PLACEMENT_3D('',#4829,#3982,#3983);
#3272=AXIS2_PLACEMENT_3D('',#4832,#3986,#3987);
#3273=AXIS2_PLACEMENT_3D('',#4833,#3988,#3989);
#3274=DIRECTION('',(0.,0.,1.));
#3275=DIRECTION('',(1.,0.,0.));
#3276=DIRECTION('',(-1.,-2.47817639425258E-16,0.));
#3277=DIRECTION('',(2.47817639425258E-16,-1.,0.));
#3278=DIRECTION('',(-2.47817639425258E-16,1.,0.));
#3279=DIRECTION('',(0.,0.,-1.));
#3280=DIRECTION('',(-2.47817639425258E-16,1.,0.));
#3281=DIRECTION('',(0.,0.,-1.));
#3282=DIRECTION('',(0.,-1.,0.));
#3283=DIRECTION('',(0.,0.,-1.));
#3284=DIRECTION('',(-1.,0.,0.));
#3285=DIRECTION('',(0.,0.,-1.));
#3286=DIRECTION('',(-1.,0.,0.));
#3287=DIRECTION('',(-1.,-2.47817639425259E-16,0.));
#3288=DIRECTION('',(2.47817639425259E-16,-1.,0.));
#3289=DIRECTION('',(-2.47817639425258E-16,1.,0.));
#3290=DIRECTION('',(0.,0.,-1.));
#3291=DIRECTION('',(-2.47817639425258E-16,1.,0.));
#3292=DIRECTION('',(-1.,-2.47817639425259E-16,0.));
#3293=DIRECTION('',(2.47817639425259E-16,-1.,0.));
#3294=DIRECTION('',(-2.47817639425258E-16,1.,0.));
#3295=DIRECTION('',(0.,0.,-1.));
#3296=DIRECTION('',(-2.47817639425258E-16,1.,0.));
#3297=DIRECTION('',(0.,0.,-1.));
#3298=DIRECTION('',(0.,-1.,0.));
#3299=DIRECTION('',(0.,0.,-1.));
#3300=DIRECTION('',(-1.,0.,0.));
#3301=DIRECTION('',(0.,0.,-1.));
#3302=DIRECTION('',(-1.,0.,0.));
#3303=DIRECTION('',(-1.,-2.47817639425259E-16,0.));
#3304=DIRECTION('',(2.47817639425259E-16,-1.,0.));
#3305=DIRECTION('',(-2.47817639425259E-16,1.,0.));
#3306=DIRECTION('',(0.,0.,-1.));
#3307=DIRECTION('',(-2.47817639425259E-16,1.,0.));
#3308=DIRECTION('',(-1.,-2.47817639425258E-16,0.));
#3309=DIRECTION('',(2.47817639425258E-16,-1.,0.));
#3310=DIRECTION('',(-2.47817639425258E-16,1.,0.));
#3311=DIRECTION('',(0.,0.,-1.));
#3312=DIRECTION('',(-2.47817639425258E-16,1.,0.));
#3313=DIRECTION('',(0.,0.,-1.));
#3314=DIRECTION('',(0.,-1.,0.));
#3315=DIRECTION('',(0.,0.,-1.));
#3316=DIRECTION('',(-1.,0.,0.));
#3317=DIRECTION('',(0.,0.,-1.));
#3318=DIRECTION('',(-1.,0.,0.));
#3319=DIRECTION('',(-1.,-2.47817639425259E-16,0.));
#3320=DIRECTION('',(2.47817639425259E-16,-1.,0.));
#3321=DIRECTION('',(-2.47817639425259E-16,1.,0.));
#3322=DIRECTION('',(0.,0.,-1.));
#3323=DIRECTION('',(-2.47817639425259E-16,1.,0.));
#3324=DIRECTION('',(-1.,0.,0.));
#3325=DIRECTION('',(0.,0.,1.));
#3326=DIRECTION('',(0.,1.,0.));
#3327=DIRECTION('',(0.,0.,-1.));
#3328=DIRECTION('',(0.,1.,0.));
#3329=DIRECTION('',(0.,0.,-1.));
#3330=DIRECTION('',(0.,-1.,0.));
#3331=DIRECTION('',(0.,0.,-1.));
#3332=DIRECTION('',(-1.,0.,0.));
#3333=DIRECTION('',(0.,0.,-1.));
#3334=DIRECTION('',(-1.,0.,0.));
#3335=DIRECTION('',(-1.,-2.47817639425258E-16,0.));
#3336=DIRECTION('',(2.47817639425258E-16,-1.,0.));
#3337=DIRECTION('',(-2.47817639425258E-16,1.,0.));
#3338=DIRECTION('',(0.,0.,-1.));
#3339=DIRECTION('',(-2.47817639425258E-16,1.,0.));
#3340=DIRECTION('',(-1.,0.,0.));
#3341=DIRECTION('',(0.,0.,1.));
#3342=DIRECTION('',(0.,1.,0.));
#3343=DIRECTION('',(0.,0.,-1.));
#3344=DIRECTION('',(0.,1.,0.));
#3345=DIRECTION('',(0.,0.,-1.));
#3346=DIRECTION('',(0.,-1.,0.));
#3347=DIRECTION('',(0.,0.,-1.));
#3348=DIRECTION('',(-1.,0.,0.));
#3349=DIRECTION('',(0.,0.,-1.));
#3350=DIRECTION('',(-1.,0.,0.));
#3351=DIRECTION('',(-1.,-2.47817639425259E-16,0.));
#3352=DIRECTION('',(2.47817639425259E-16,-1.,0.));
#3353=DIRECTION('',(-2.47817639425259E-16,1.,0.));
#3354=DIRECTION('',(0.,0.,-1.));
#3355=DIRECTION('',(-2.47817639425259E-16,1.,0.));
#3356=DIRECTION('',(-1.,0.,0.));
#3357=DIRECTION('',(0.,0.,1.));
#3358=DIRECTION('',(0.,1.,0.));
#3359=DIRECTION('',(0.,0.,-1.));
#3360=DIRECTION('',(0.,1.,0.));
#3361=DIRECTION('',(0.,0.,-1.));
#3362=DIRECTION('',(0.,-1.,0.));
#3363=DIRECTION('',(0.,0.,-1.));
#3364=DIRECTION('',(-1.,0.,0.));
#3365=DIRECTION('',(0.,0.,-1.));
#3366=DIRECTION('',(-1.,0.,0.));
#3367=DIRECTION('',(-1.,-2.47817639425259E-16,0.));
#3368=DIRECTION('',(2.47817639425259E-16,-1.,0.));
#3369=DIRECTION('',(-2.47817639425259E-16,1.,0.));
#3370=DIRECTION('',(0.,0.,-1.));
#3371=DIRECTION('',(-2.47817639425259E-16,1.,0.));
#3372=DIRECTION('',(-1.,0.,0.));
#3373=DIRECTION('',(0.,0.,1.));
#3374=DIRECTION('',(0.,1.,0.));
#3375=DIRECTION('',(0.,0.,-1.));
#3376=DIRECTION('',(0.,1.,0.));
#3377=DIRECTION('',(0.,0.,-1.));
#3378=DIRECTION('',(0.,-1.,0.));
#3379=DIRECTION('',(0.,0.,-1.));
#3380=DIRECTION('',(-1.,0.,0.));
#3381=DIRECTION('',(0.,0.,-1.));
#3382=DIRECTION('',(-1.,0.,0.));
#3383=DIRECTION('',(-1.,-2.47817639425259E-16,0.));
#3384=DIRECTION('',(2.47817639425259E-16,-1.,0.));
#3385=DIRECTION('',(-2.47817639425259E-16,1.,0.));
#3386=DIRECTION('',(0.,0.,-1.));
#3387=DIRECTION('',(-2.47817639425259E-16,1.,0.));
#3388=DIRECTION('',(-1.,0.,0.));
#3389=DIRECTION('',(0.,0.,1.));
#3390=DIRECTION('',(0.,1.,0.));
#3391=DIRECTION('',(0.,0.,-1.));
#3392=DIRECTION('',(0.,1.,0.));
#3393=DIRECTION('',(0.,0.,-1.));
#3394=DIRECTION('',(0.,-1.,0.));
#3395=DIRECTION('',(0.,0.,-1.));
#3396=DIRECTION('',(-1.,0.,0.));
#3397=DIRECTION('',(0.,0.,-1.));
#3398=DIRECTION('',(-1.,0.,0.));
#3399=DIRECTION('',(-1.,-2.47817639425259E-16,0.));
#3400=DIRECTION('',(2.47817639425259E-16,-1.,0.));
#3401=DIRECTION('',(-2.47817639425259E-16,1.,0.));
#3402=DIRECTION('',(0.,0.,-1.));
#3403=DIRECTION('',(-2.47817639425259E-16,1.,0.));
#3404=DIRECTION('',(-1.,0.,0.));
#3405=DIRECTION('',(0.,0.,1.));
#3406=DIRECTION('',(0.,1.,0.));
#3407=DIRECTION('',(0.,0.,-1.));
#3408=DIRECTION('',(0.,1.,0.));
#3409=DIRECTION('',(0.,0.,-1.));
#3410=DIRECTION('',(0.,-1.,0.));
#3411=DIRECTION('',(0.,0.,-1.));
#3412=DIRECTION('',(-1.,0.,0.));
#3413=DIRECTION('',(0.,0.,-1.));
#3414=DIRECTION('',(-1.,0.,0.));
#3415=DIRECTION('',(-1.,-2.47817639425259E-16,0.));
#3416=DIRECTION('',(2.47817639425259E-16,-1.,0.));
#3417=DIRECTION('',(-2.47817639425259E-16,1.,0.));
#3418=DIRECTION('',(0.,0.,-1.));
#3419=DIRECTION('',(-2.47817639425259E-16,1.,0.));
#3420=DIRECTION('',(-1.,0.,0.));
#3421=DIRECTION('',(0.,0.,1.));
#3422=DIRECTION('',(0.,1.,0.));
#3423=DIRECTION('',(0.,0.,-1.));
#3424=DIRECTION('',(0.,1.,0.));
#3425=DIRECTION('',(0.,0.,-1.));
#3426=DIRECTION('',(0.,-1.,0.));
#3427=DIRECTION('',(0.,0.,-1.));
#3428=DIRECTION('',(-1.,0.,0.));
#3429=DIRECTION('',(0.,0.,-1.));
#3430=DIRECTION('',(-1.,0.,0.));
#3431=DIRECTION('',(-1.,0.,0.));
#3432=DIRECTION('',(0.,0.,1.));
#3433=DIRECTION('',(0.,1.,0.));
#3434=DIRECTION('',(0.,0.,-1.));
#3435=DIRECTION('',(0.,1.,0.));
#3436=DIRECTION('',(-1.,0.,0.));
#3437=DIRECTION('',(0.,0.,1.));
#3438=DIRECTION('',(0.,1.,0.));
#3439=DIRECTION('',(0.,0.,-1.));
#3440=DIRECTION('',(0.,1.,0.));
#3441=DIRECTION('',(0.,0.,-1.));
#3442=DIRECTION('',(0.,-1.,0.));
#3443=DIRECTION('',(0.,0.,-1.));
#3444=DIRECTION('',(-1.,0.,0.));
#3445=DIRECTION('',(0.,0.,-1.));
#3446=DIRECTION('',(-1.,0.,0.));
#3447=DIRECTION('',(-1.,0.,0.));
#3448=DIRECTION('',(0.,0.,1.));
#3449=DIRECTION('',(0.,1.,0.));
#3450=DIRECTION('',(0.,0.,-1.));
#3451=DIRECTION('',(0.,1.,0.));
#3452=DIRECTION('',(-1.,0.,0.));
#3453=DIRECTION('',(0.,0.,1.));
#3454=DIRECTION('',(0.,1.,0.));
#3455=DIRECTION('',(0.,0.,-1.));
#3456=DIRECTION('',(0.,1.,0.));
#3457=DIRECTION('',(0.,0.,-1.));
#3458=DIRECTION('',(0.,-1.,0.));
#3459=DIRECTION('',(0.,0.,-1.));
#3460=DIRECTION('',(-1.,0.,0.));
#3461=DIRECTION('',(0.,0.,-1.));
#3462=DIRECTION('',(-1.,0.,0.));
#3463=DIRECTION('',(-1.,0.,0.));
#3464=DIRECTION('',(0.,0.,1.));
#3465=DIRECTION('',(0.,1.,0.));
#3466=DIRECTION('',(0.,0.,-1.));
#3467=DIRECTION('',(0.,1.,0.));
#3468=DIRECTION('',(-1.,0.,0.));
#3469=DIRECTION('',(0.,0.,1.));
#3470=DIRECTION('',(0.,1.,0.));
#3471=DIRECTION('',(0.,0.,-1.));
#3472=DIRECTION('',(0.,1.,0.));
#3473=DIRECTION('',(0.,0.,-1.));
#3474=DIRECTION('',(0.,-1.,0.));
#3475=DIRECTION('',(0.,0.,-1.));
#3476=DIRECTION('',(-1.,0.,0.));
#3477=DIRECTION('',(0.,0.,-1.));
#3478=DIRECTION('',(-1.,0.,0.));
#3479=DIRECTION('',(-1.,0.,0.));
#3480=DIRECTION('',(0.,0.,1.));
#3481=DIRECTION('',(0.,1.,0.));
#3482=DIRECTION('',(0.,0.,-1.));
#3483=DIRECTION('',(0.,1.,0.));
#3484=DIRECTION('',(-1.,0.,0.));
#3485=DIRECTION('',(0.,0.,1.));
#3486=DIRECTION('',(0.,1.,0.));
#3487=DIRECTION('',(0.,0.,-1.));
#3488=DIRECTION('',(0.,1.,0.));
#3489=DIRECTION('',(0.,0.,-1.));
#3490=DIRECTION('',(0.,-1.,0.));
#3491=DIRECTION('',(0.,0.,-1.));
#3492=DIRECTION('',(-1.,0.,0.));
#3493=DIRECTION('',(0.,0.,-1.));
#3494=DIRECTION('',(-1.,0.,0.));
#3495=DIRECTION('',(-1.,0.,0.));
#3496=DIRECTION('',(0.,0.,1.));
#3497=DIRECTION('',(0.,1.,0.));
#3498=DIRECTION('',(0.,0.,-1.));
#3499=DIRECTION('',(0.,1.,0.));
#3500=DIRECTION('',(-1.,0.,0.));
#3501=DIRECTION('',(0.,0.,1.));
#3502=DIRECTION('',(0.,1.,0.));
#3503=DIRECTION('',(0.,0.,-1.));
#3504=DIRECTION('',(0.,1.,0.));
#3505=DIRECTION('',(0.,0.,-1.));
#3506=DIRECTION('',(0.,-1.,0.));
#3507=DIRECTION('',(0.,0.,-1.));
#3508=DIRECTION('',(-1.,0.,0.));
#3509=DIRECTION('',(0.,0.,-1.));
#3510=DIRECTION('',(-1.,0.,0.));
#3511=DIRECTION('',(-1.,0.,0.));
#3512=DIRECTION('',(0.,0.,1.));
#3513=DIRECTION('',(0.,1.,0.));
#3514=DIRECTION('',(0.,0.,-1.));
#3515=DIRECTION('',(0.,1.,0.));
#3516=DIRECTION('',(-1.,0.,0.));
#3517=DIRECTION('',(0.,0.,1.));
#3518=DIRECTION('',(0.,1.,0.));
#3519=DIRECTION('',(0.,0.,-1.));
#3520=DIRECTION('',(0.,1.,0.));
#3521=DIRECTION('',(0.,0.,-1.));
#3522=DIRECTION('',(0.,-1.,0.));
#3523=DIRECTION('',(0.,0.,-1.));
#3524=DIRECTION('',(-1.,0.,0.));
#3525=DIRECTION('',(0.,0.,-1.));
#3526=DIRECTION('',(-1.,0.,0.));
#3527=DIRECTION('',(-1.,0.,0.));
#3528=DIRECTION('',(0.,0.,1.));
#3529=DIRECTION('',(0.,1.,0.));
#3530=DIRECTION('',(0.,0.,-1.));
#3531=DIRECTION('',(0.,1.,0.));
#3532=DIRECTION('',(-1.,0.,0.));
#3533=DIRECTION('',(0.,0.,1.));
#3534=DIRECTION('',(0.,1.,0.));
#3535=DIRECTION('',(0.,0.,-1.));
#3536=DIRECTION('',(0.,1.,0.));
#3537=DIRECTION('',(0.,0.,-1.));
#3538=DIRECTION('',(0.,-1.,0.));
#3539=DIRECTION('',(0.,0.,-1.));
#3540=DIRECTION('',(-1.,0.,0.));
#3541=DIRECTION('',(0.,0.,-1.));
#3542=DIRECTION('',(-1.,0.,0.));
#3543=DIRECTION('',(-1.,0.,0.));
#3544=DIRECTION('',(0.,0.,1.));
#3545=DIRECTION('',(0.,1.,0.));
#3546=DIRECTION('',(0.,0.,-1.));
#3547=DIRECTION('',(0.,1.,0.));
#3548=DIRECTION('',(-1.,0.,0.));
#3549=DIRECTION('',(0.,0.,1.));
#3550=DIRECTION('',(0.,1.,0.));
#3551=DIRECTION('',(0.,0.,-1.));
#3552=DIRECTION('',(0.,1.,0.));
#3553=DIRECTION('',(0.,0.,-1.));
#3554=DIRECTION('',(0.,-1.,0.));
#3555=DIRECTION('',(0.,0.,-1.));
#3556=DIRECTION('',(-1.,0.,0.));
#3557=DIRECTION('',(0.,0.,-1.));
#3558=DIRECTION('',(-1.,0.,0.));
#3559=DIRECTION('',(-1.,0.,0.));
#3560=DIRECTION('',(0.,0.,1.));
#3561=DIRECTION('',(0.,1.,0.));
#3562=DIRECTION('',(0.,0.,-1.));
#3563=DIRECTION('',(0.,1.,0.));
#3564=DIRECTION('',(-1.,0.,0.));
#3565=DIRECTION('',(0.,0.,1.));
#3566=DIRECTION('',(0.,1.,0.));
#3567=DIRECTION('',(0.,0.,-1.));
#3568=DIRECTION('',(0.,1.,0.));
#3569=DIRECTION('',(0.,0.,-1.));
#3570=DIRECTION('',(0.,-1.,0.));
#3571=DIRECTION('',(0.,0.,-1.));
#3572=DIRECTION('',(-1.,0.,0.));
#3573=DIRECTION('',(0.,0.,-1.));
#3574=DIRECTION('',(-1.,0.,0.));
#3575=DIRECTION('',(-1.,0.,0.));
#3576=DIRECTION('',(0.,0.,1.));
#3577=DIRECTION('',(0.,1.,0.));
#3578=DIRECTION('',(0.,0.,-1.));
#3579=DIRECTION('',(0.,1.,0.));
#3580=DIRECTION('',(-1.,0.,0.));
#3581=DIRECTION('',(0.,0.,1.));
#3582=DIRECTION('',(0.,1.,0.));
#3583=DIRECTION('',(0.,0.,-1.));
#3584=DIRECTION('',(0.,1.,0.));
#3585=DIRECTION('',(0.,0.,-1.));
#3586=DIRECTION('',(0.,-1.,0.));
#3587=DIRECTION('',(0.,0.,-1.));
#3588=DIRECTION('',(-1.,0.,0.));
#3589=DIRECTION('',(0.,0.,-1.));
#3590=DIRECTION('',(-1.,0.,0.));
#3591=DIRECTION('',(-1.,0.,0.));
#3592=DIRECTION('',(0.,0.,1.));
#3593=DIRECTION('',(0.,1.,0.));
#3594=DIRECTION('',(0.,0.,-1.));
#3595=DIRECTION('',(0.,1.,0.));
#3596=DIRECTION('',(-1.,0.,0.));
#3597=DIRECTION('',(0.,0.,1.));
#3598=DIRECTION('',(0.,1.,0.));
#3599=DIRECTION('',(0.,0.,-1.));
#3600=DIRECTION('',(0.,1.,0.));
#3601=DIRECTION('',(0.,0.,-1.));
#3602=DIRECTION('',(0.,-1.,0.));
#3603=DIRECTION('',(0.,0.,-1.));
#3604=DIRECTION('',(-1.,0.,0.));
#3605=DIRECTION('',(0.,0.,-1.));
#3606=DIRECTION('',(-1.,0.,0.));
#3607=DIRECTION('',(-1.,0.,0.));
#3608=DIRECTION('',(0.,0.,1.));
#3609=DIRECTION('',(0.,1.,0.));
#3610=DIRECTION('',(0.,0.,-1.));
#3611=DIRECTION('',(0.,1.,0.));
#3612=DIRECTION('',(-1.,0.,0.));
#3613=DIRECTION('',(0.,0.,1.));
#3614=DIRECTION('',(0.,1.,0.));
#3615=DIRECTION('',(0.,0.,-1.));
#3616=DIRECTION('',(0.,1.,0.));
#3617=DIRECTION('',(0.,0.,-1.));
#3618=DIRECTION('',(0.,-1.,0.));
#3619=DIRECTION('',(0.,0.,-1.));
#3620=DIRECTION('',(-1.,0.,0.));
#3621=DIRECTION('',(0.,0.,-1.));
#3622=DIRECTION('',(-1.,0.,0.));
#3623=DIRECTION('',(-1.,0.,0.));
#3624=DIRECTION('',(0.,0.,1.));
#3625=DIRECTION('',(0.,1.,0.));
#3626=DIRECTION('',(0.,0.,-1.));
#3627=DIRECTION('',(0.,1.,0.));
#3628=DIRECTION('',(-1.,0.,0.));
#3629=DIRECTION('',(0.,0.,1.));
#3630=DIRECTION('',(0.,1.,0.));
#3631=DIRECTION('',(0.,0.,-1.));
#3632=DIRECTION('',(0.,1.,0.));
#3633=DIRECTION('',(0.,0.,-1.));
#3634=DIRECTION('',(0.,-1.,0.));
#3635=DIRECTION('',(0.,0.,-1.));
#3636=DIRECTION('',(-1.,0.,0.));
#3637=DIRECTION('',(0.,0.,-1.));
#3638=DIRECTION('',(-1.,0.,0.));
#3639=DIRECTION('',(-1.,0.,0.));
#3640=DIRECTION('',(0.,0.,1.));
#3641=DIRECTION('',(0.,1.,0.));
#3642=DIRECTION('',(0.,0.,-1.));
#3643=DIRECTION('',(0.,1.,0.));
#3644=DIRECTION('',(-1.,0.,0.));
#3645=DIRECTION('',(0.,0.,1.));
#3646=DIRECTION('',(0.,1.,0.));
#3647=DIRECTION('',(0.,0.,-1.));
#3648=DIRECTION('',(0.,1.,0.));
#3649=DIRECTION('',(0.,0.,-1.));
#3650=DIRECTION('',(0.,-1.,0.));
#3651=DIRECTION('',(0.,0.,-1.));
#3652=DIRECTION('',(-1.,0.,0.));
#3653=DIRECTION('',(0.,0.,-1.));
#3654=DIRECTION('',(-1.,0.,0.));
#3655=DIRECTION('',(-1.,0.,0.));
#3656=DIRECTION('',(0.,0.,1.));
#3657=DIRECTION('',(0.,1.,0.));
#3658=DIRECTION('',(0.,0.,-1.));
#3659=DIRECTION('',(0.,1.,0.));
#3660=DIRECTION('',(-1.,0.,0.));
#3661=DIRECTION('',(0.,0.,1.));
#3662=DIRECTION('',(0.,1.,0.));
#3663=DIRECTION('',(0.,0.,-1.));
#3664=DIRECTION('',(0.,1.,0.));
#3665=DIRECTION('',(0.,0.,-1.));
#3666=DIRECTION('',(0.,-1.,0.));
#3667=DIRECTION('',(0.,0.,-1.));
#3668=DIRECTION('',(-1.,0.,0.));
#3669=DIRECTION('',(0.,0.,-1.));
#3670=DIRECTION('',(-1.,0.,0.));
#3671=DIRECTION('',(-1.,0.,0.));
#3672=DIRECTION('',(0.,0.,1.));
#3673=DIRECTION('',(0.,1.,0.));
#3674=DIRECTION('',(0.,0.,-1.));
#3675=DIRECTION('',(0.,1.,0.));
#3676=DIRECTION('',(-1.,0.,0.));
#3677=DIRECTION('',(0.,0.,1.));
#3678=DIRECTION('',(0.,1.,0.));
#3679=DIRECTION('',(0.,0.,-1.));
#3680=DIRECTION('',(0.,1.,0.));
#3681=DIRECTION('',(0.,0.,-1.));
#3682=DIRECTION('',(0.,-1.,0.));
#3683=DIRECTION('',(0.,0.,-1.));
#3684=DIRECTION('',(-1.,0.,0.));
#3685=DIRECTION('',(0.,0.,-1.));
#3686=DIRECTION('',(-1.,0.,0.));
#3687=DIRECTION('',(-1.,0.,0.));
#3688=DIRECTION('',(0.,0.,1.));
#3689=DIRECTION('',(0.,1.,0.));
#3690=DIRECTION('',(0.,0.,-1.));
#3691=DIRECTION('',(0.,1.,0.));
#3692=DIRECTION('',(-1.,0.,0.));
#3693=DIRECTION('',(0.,0.,1.));
#3694=DIRECTION('',(0.,1.,0.));
#3695=DIRECTION('',(0.,0.,-1.));
#3696=DIRECTION('',(0.,1.,0.));
#3697=DIRECTION('',(0.,0.,-1.));
#3698=DIRECTION('',(0.,-1.,0.));
#3699=DIRECTION('',(0.,0.,-1.));
#3700=DIRECTION('',(-1.,0.,0.));
#3701=DIRECTION('',(0.,0.,-1.));
#3702=DIRECTION('',(-1.,0.,0.));
#3703=DIRECTION('',(-1.,0.,0.));
#3704=DIRECTION('',(0.,0.,1.));
#3705=DIRECTION('',(0.,1.,0.));
#3706=DIRECTION('',(0.,0.,-1.));
#3707=DIRECTION('',(0.,1.,0.));
#3708=DIRECTION('',(-1.,0.,0.));
#3709=DIRECTION('',(0.,0.,1.));
#3710=DIRECTION('',(0.,1.,0.));
#3711=DIRECTION('',(0.,0.,-1.));
#3712=DIRECTION('',(0.,1.,0.));
#3713=DIRECTION('',(0.,0.,-1.));
#3714=DIRECTION('',(0.,-1.,0.));
#3715=DIRECTION('',(0.,0.,-1.));
#3716=DIRECTION('',(-1.,0.,0.));
#3717=DIRECTION('',(0.,0.,-1.));
#3718=DIRECTION('',(-1.,0.,0.));
#3719=DIRECTION('',(-1.,0.,0.));
#3720=DIRECTION('',(0.,0.,1.));
#3721=DIRECTION('',(0.,1.,0.));
#3722=DIRECTION('',(0.,0.,-1.));
#3723=DIRECTION('',(0.,1.,0.));
#3724=DIRECTION('',(-1.,0.,0.));
#3725=DIRECTION('',(0.,0.,1.));
#3726=DIRECTION('',(0.,1.,0.));
#3727=DIRECTION('',(0.,0.,-1.));
#3728=DIRECTION('',(0.,1.,0.));
#3729=DIRECTION('',(0.,0.,-1.));
#3730=DIRECTION('',(0.,-1.,0.));
#3731=DIRECTION('',(0.,0.,-1.));
#3732=DIRECTION('',(-1.,0.,0.));
#3733=DIRECTION('',(0.,0.,-1.));
#3734=DIRECTION('',(-1.,0.,0.));
#3735=DIRECTION('',(-1.,0.,0.));
#3736=DIRECTION('',(0.,0.,1.));
#3737=DIRECTION('',(0.,1.,0.));
#3738=DIRECTION('',(0.,0.,-1.));
#3739=DIRECTION('',(0.,1.,0.));
#3740=DIRECTION('',(1.,0.,0.));
#3741=DIRECTION('',(0.,0.,-1.));
#3742=DIRECTION('',(0.,-1.,0.));
#3743=DIRECTION('',(0.,0.,-1.));
#3744=DIRECTION('',(0.,-1.,0.));
#3745=DIRECTION('',(0.,0.,-1.));
#3746=DIRECTION('',(0.,-1.,0.));
#3747=DIRECTION('',(0.,0.,-1.));
#3748=DIRECTION('',(-1.,0.,0.));
#3749=DIRECTION('',(0.,0.,-1.));
#3750=DIRECTION('',(-1.,0.,0.));
#3751=DIRECTION('',(-1.,0.,0.));
#3752=DIRECTION('',(0.,0.,1.));
#3753=DIRECTION('',(0.,1.,0.));
#3754=DIRECTION('',(0.,0.,-1.));
#3755=DIRECTION('',(0.,1.,0.));
#3756=DIRECTION('',(1.,1.23597230057023E-16,0.));
#3757=DIRECTION('',(-1.23597230057023E-16,1.,0.));
#3758=DIRECTION('',(1.23597230057023E-16,-1.,0.));
#3759=DIRECTION('',(0.,0.,-1.));
#3760=DIRECTION('',(1.23597230057023E-16,-1.,0.));
#3761=DIRECTION('',(0.,0.,-1.));
#3762=DIRECTION('',(0.,1.,0.));
#3763=DIRECTION('',(0.,0.,1.));
#3764=DIRECTION('',(1.,0.,0.));
#3765=DIRECTION('',(0.,0.,-1.));
#3766=DIRECTION('',(1.,0.,0.));
#3767=DIRECTION('',(-1.,0.,0.));
#3768=DIRECTION('',(0.,0.,1.));
#3769=DIRECTION('',(0.,1.,0.));
#3770=DIRECTION('',(0.,0.,-1.));
#3771=DIRECTION('',(0.,1.,0.));
#3772=DIRECTION('',(-1.,-2.47817639425258E-16,0.));
#3773=DIRECTION('',(2.47817639425258E-16,-1.,0.));
#3774=DIRECTION('',(-2.47817639425258E-16,1.,0.));
#3775=DIRECTION('',(0.,0.,-1.));
#3776=DIRECTION('',(-2.47817639425258E-16,1.,0.));
#3777=DIRECTION('',(0.,0.,-1.));
#3778=DIRECTION('',(0.,-1.,0.));
#3779=DIRECTION('',(0.,0.,-1.));
#3780=DIRECTION('',(-1.,0.,0.));
#3781=DIRECTION('',(0.,0.,-1.));
#3782=DIRECTION('',(-1.,0.,0.));
#3783=DIRECTION('',(-1.,-2.47817639425259E-16,0.));
#3784=DIRECTION('',(2.47817639425259E-16,-1.,0.));
#3785=DIRECTION('',(-2.47817639425259E-16,1.,0.));
#3786=DIRECTION('',(0.,0.,-1.));
#3787=DIRECTION('',(-2.47817639425259E-16,1.,0.));
#3788=DIRECTION('',(1.85863229568944E-16,-1.,0.));
#3789=DIRECTION('',(1.,1.85863229568944E-16,0.));
#3790=DIRECTION('',(-1.,-1.85863229568944E-16,0.));
#3791=DIRECTION('',(0.,0.,-1.));
#3792=DIRECTION('',(-1.,-1.85863229568944E-16,0.));
#3793=DIRECTION('',(0.,0.,-1.));
#3794=DIRECTION('',(-1.,0.,0.));
#3795=DIRECTION('',(0.,0.,1.));
#3796=DIRECTION('',(0.,1.,0.));
#3797=DIRECTION('',(0.,0.,-1.));
#3798=DIRECTION('',(0.,1.,0.));
#3799=DIRECTION('',(0.,-1.,0.));
#3800=DIRECTION('',(0.,0.,-1.));
#3801=DIRECTION('',(-1.,0.,0.));
#3802=DIRECTION('',(0.,0.,-1.));
#3803=DIRECTION('',(-1.,0.,0.));
#3804=DIRECTION('',(-1.,-2.47817639425258E-16,0.));
#3805=DIRECTION('',(2.47817639425258E-16,-1.,0.));
#3806=DIRECTION('',(-2.47817639425258E-16,1.,0.));
#3807=DIRECTION('',(0.,0.,-1.));
#3808=DIRECTION('',(-2.47817639425258E-16,1.,0.));
#3809=DIRECTION('',(0.,0.,-1.));
#3810=DIRECTION('',(0.,-1.,0.));
#3811=DIRECTION('',(0.,0.,-1.));
#3812=DIRECTION('',(-1.,0.,0.));
#3813=DIRECTION('',(0.,0.,-1.));
#3814=DIRECTION('',(-1.,0.,0.));
#3815=DIRECTION('',(-1.,-2.47817639425259E-16,0.));
#3816=DIRECTION('',(2.47817639425259E-16,-1.,0.));
#3817=DIRECTION('',(-2.47817639425258E-16,1.,0.));
#3818=DIRECTION('',(0.,0.,-1.));
#3819=DIRECTION('',(-2.47817639425258E-16,1.,0.));
#3820=DIRECTION('',(0.,-1.,0.));
#3821=DIRECTION('',(0.,0.,-1.));
#3822=DIRECTION('',(-1.,0.,0.));
#3823=DIRECTION('',(-1.,0.,0.));
#3824=DIRECTION('',(0.,-1.,0.));
#3825=DIRECTION('',(0.,0.,-1.));
#3826=DIRECTION('',(-1.,0.,0.));
#3827=DIRECTION('',(-1.,0.,0.));
#3828=DIRECTION('',(1.85863229568944E-16,-1.,0.));
#3829=DIRECTION('',(1.,1.85863229568944E-16,0.));
#3830=DIRECTION('',(-1.,-1.85863229568944E-16,0.));
#3831=DIRECTION('',(-1.,-1.85863229568944E-16,0.));
#3832=DIRECTION('',(0.,-1.,0.));
#3833=DIRECTION('',(0.,0.,-1.));
#3834=DIRECTION('',(-1.,0.,0.));
#3835=DIRECTION('',(-1.,0.,0.));
#3836=DIRECTION('',(0.,-1.,0.));
#3837=DIRECTION('',(0.,0.,-1.));
#3838=DIRECTION('',(-1.,0.,0.));
#3839=DIRECTION('',(-1.,0.,0.));
#3840=DIRECTION('',(0.,-1.,0.));
#3841=DIRECTION('',(0.,0.,-1.));
#3842=DIRECTION('',(-1.,0.,0.));
#3843=DIRECTION('',(-1.,0.,0.));
#3844=DIRECTION('',(0.,-1.,0.));
#3845=DIRECTION('',(0.,0.,-1.));
#3846=DIRECTION('',(-1.,0.,0.));
#3847=DIRECTION('',(-1.,0.,0.));
#3848=DIRECTION('',(0.,-1.,0.));
#3849=DIRECTION('',(0.,0.,-1.));
#3850=DIRECTION('',(-1.,0.,0.));
#3851=DIRECTION('',(-1.,0.,0.));
#3852=DIRECTION('',(0.,-1.,0.));
#3853=DIRECTION('',(0.,0.,-1.));
#3854=DIRECTION('',(-1.,0.,0.));
#3855=DIRECTION('',(-1.,0.,0.));
#3856=DIRECTION('',(0.,-1.,0.));
#3857=DIRECTION('',(0.,0.,-1.));
#3858=DIRECTION('',(-1.,0.,0.));
#3859=DIRECTION('',(-1.,0.,0.));
#3860=DIRECTION('',(0.,-1.,0.));
#3861=DIRECTION('',(0.,0.,-1.));
#3862=DIRECTION('',(-1.,0.,0.));
#3863=DIRECTION('',(-1.,0.,0.));
#3864=DIRECTION('',(0.,-1.,0.));
#3865=DIRECTION('',(0.,0.,-1.));
#3866=DIRECTION('',(-1.,0.,0.));
#3867=DIRECTION('',(-1.,0.,0.));
#3868=DIRECTION('',(0.,-1.,0.));
#3869=DIRECTION('',(0.,0.,-1.));
#3870=DIRECTION('',(-1.,0.,0.));
#3871=DIRECTION('',(-1.,0.,0.));
#3872=DIRECTION('',(0.,-1.,0.));
#3873=DIRECTION('',(0.,0.,-1.));
#3874=DIRECTION('',(-1.,0.,0.));
#3875=DIRECTION('',(-1.,0.,0.));
#3876=DIRECTION('',(0.,-1.,0.));
#3877=DIRECTION('',(0.,0.,-1.));
#3878=DIRECTION('',(-1.,0.,0.));
#3879=DIRECTION('',(-1.,0.,0.));
#3880=DIRECTION('',(0.,-1.,0.));
#3881=DIRECTION('',(0.,0.,-1.));
#3882=DIRECTION('',(-1.,0.,0.));
#3883=DIRECTION('',(-1.,0.,0.));
#3884=DIRECTION('',(0.,-1.,0.));
#3885=DIRECTION('',(0.,0.,-1.));
#3886=DIRECTION('',(-1.,0.,0.));
#3887=DIRECTION('',(-1.,0.,0.));
#3888=DIRECTION('',(0.,-1.,0.));
#3889=DIRECTION('',(0.,0.,-1.));
#3890=DIRECTION('',(-1.,0.,0.));
#3891=DIRECTION('',(-1.,0.,0.));
#3892=DIRECTION('',(1.85863229568944E-16,-1.,0.));
#3893=DIRECTION('',(1.,1.85863229568944E-16,0.));
#3894=DIRECTION('',(-1.,-1.85863229568944E-16,0.));
#3895=DIRECTION('',(-1.,-1.85863229568944E-16,0.));
#3896=DIRECTION('',(0.,-1.,0.));
#3897=DIRECTION('',(0.,0.,-1.));
#3898=DIRECTION('',(-1.,0.,0.));
#3899=DIRECTION('',(-1.,0.,0.));
#3900=DIRECTION('',(0.,-1.,0.));
#3901=DIRECTION('',(0.,0.,-1.));
#3902=DIRECTION('',(-1.,0.,0.));
#3903=DIRECTION('',(-1.,0.,0.));
#3904=DIRECTION('',(0.,-1.,0.));
#3905=DIRECTION('',(0.,0.,-1.));
#3906=DIRECTION('',(-1.,0.,0.));
#3907=DIRECTION('',(-1.,0.,0.));
#3908=DIRECTION('',(0.,-1.,0.));
#3909=DIRECTION('',(0.,0.,-1.));
#3910=DIRECTION('',(-1.,0.,0.));
#3911=DIRECTION('',(-1.,0.,0.));
#3912=DIRECTION('',(0.,-1.,0.));
#3913=DIRECTION('',(0.,0.,-1.));
#3914=DIRECTION('',(-1.,0.,0.));
#3915=DIRECTION('',(-1.,0.,0.));
#3916=DIRECTION('',(1.85863229568944E-16,-1.,0.));
#3917=DIRECTION('',(1.,1.85863229568944E-16,0.));
#3918=DIRECTION('',(-1.,-1.85863229568944E-16,0.));
#3919=DIRECTION('',(-1.,-1.85863229568944E-16,0.));
#3920=DIRECTION('',(0.,-1.,0.));
#3921=DIRECTION('',(0.,0.,-1.));
#3922=DIRECTION('',(-1.,0.,0.));
#3923=DIRECTION('',(-1.,0.,0.));
#3924=DIRECTION('',(0.,-1.,0.));
#3925=DIRECTION('',(0.,0.,-1.));
#3926=DIRECTION('',(-1.,0.,0.));
#3927=DIRECTION('',(-1.,0.,0.));
#3928=DIRECTION('',(0.,-1.,0.));
#3929=DIRECTION('',(0.,0.,-1.));
#3930=DIRECTION('',(-1.,0.,0.));
#3931=DIRECTION('',(-1.,0.,0.));
#3932=DIRECTION('',(0.,-1.,0.));
#3933=DIRECTION('',(0.,0.,-1.));
#3934=DIRECTION('',(-1.,0.,0.));
#3935=DIRECTION('',(-1.,0.,0.));
#3936=DIRECTION('',(1.25383924709208E-16,-1.,0.));
#3937=DIRECTION('',(1.,1.25383924709208E-16,0.));
#3938=DIRECTION('',(-1.,-1.25383924709208E-16,0.));
#3939=DIRECTION('',(-1.,-1.25383924709208E-16,0.));
#3940=DIRECTION('',(0.,0.,-1.));
#3941=DIRECTION('',(-1.,0.,0.));
#3942=DIRECTION('',(0.,0.,1.));
#3943=DIRECTION('',(1.,0.,0.));
#3944=DIRECTION('',(0.,0.,1.));
#3945=DIRECTION('',(1.,0.,0.));
#3946=DIRECTION('',(0.,0.,-1.));
#3947=DIRECTION('',(-1.,0.,0.));
#3948=DIRECTION('',(0.,0.,1.));
#3949=DIRECTION('',(1.,0.,0.));
#3950=DIRECTION('',(0.,0.,1.));
#3951=DIRECTION('',(1.,0.,0.));
#3952=DIRECTION('',(0.,0.,-1.));
#3953=DIRECTION('',(-1.,0.,0.));
#3954=DIRECTION('',(0.,0.,1.));
#3955=DIRECTION('',(1.,0.,0.));
#3956=DIRECTION('',(0.,0.,1.));
#3957=DIRECTION('',(1.,0.,0.));
#3958=DIRECTION('',(0.,0.,-1.));
#3959=DIRECTION('',(-1.,0.,0.));
#3960=DIRECTION('',(0.,0.,-1.));
#3961=DIRECTION('',(1.,0.,0.));
#3962=DIRECTION('',(0.,0.,-1.));
#3963=DIRECTION('',(1.,0.,0.));
#3964=DIRECTION('',(0.,0.,-1.));
#3965=DIRECTION('',(-1.,0.,0.));
#3966=DIRECTION('',(0.,0.,-1.));
#3967=DIRECTION('',(1.,0.,0.));
#3968=DIRECTION('',(0.,0.,-1.));
#3969=DIRECTION('',(1.,0.,0.));
#3970=DIRECTION('',(0.,-1.,0.));
#3971=DIRECTION('',(0.,0.,-1.));
#3972=DIRECTION('',(-1.,0.,0.));
#3973=DIRECTION('',(-1.,0.,0.));
#3974=DIRECTION('',(-1.,0.,0.));
#3975=DIRECTION('',(0.,0.,1.));
#3976=DIRECTION('',(0.,1.,0.));
#3977=DIRECTION('',(0.,1.,0.));
#3978=DIRECTION('',(1.85863229568943E-16,-1.,0.));
#3979=DIRECTION('',(1.,1.85863229568943E-16,0.));
#3980=DIRECTION('',(-1.,-1.85863229568943E-16,0.));
#3981=DIRECTION('',(-1.,-1.85863229568943E-16,0.));
#3982=DIRECTION('',(0.,-1.,0.));
#3983=DIRECTION('',(0.,0.,-1.));
#3984=DIRECTION('',(-1.,0.,0.));
#3985=DIRECTION('',(-1.,0.,0.));
#3986=DIRECTION('',(0.,0.,1.));
#3987=DIRECTION('',(1.,0.,0.));
#3988=DIRECTION('',(0.,0.,1.));
#3989=DIRECTION('',(1.,0.,0.));
#3990=CARTESIAN_POINT('',(0.,0.,0.));
#3991=CARTESIAN_POINT('',(0.016525,-0.028575,0.004));
#3992=CARTESIAN_POINT('',(0.016525,-0.028575,0.002));
#3993=CARTESIAN_POINT('',(0.016525,-0.035575,0.002));
#3994=CARTESIAN_POINT('',(0.016525,-0.021575,0.002));
#3995=CARTESIAN_POINT('',(0.016525,-0.035575,0.004));
#3996=CARTESIAN_POINT('',(0.016525,-0.035575,0.004));
#3997=CARTESIAN_POINT('',(0.016525,-0.028575,0.004));
#3998=CARTESIAN_POINT('',(0.016525,-0.021575,0.004));
#3999=CARTESIAN_POINT('',(0.016525,-0.021575,0.004));
#4000=CARTESIAN_POINT('',(0.009525,-0.035575,0.004));
#4001=CARTESIAN_POINT('',(0.009525,-0.035575,0.002));
#4002=CARTESIAN_POINT('',(0.002525,-0.035575,0.002));
#4003=CARTESIAN_POINT('',(0.002525,-0.035575,0.004));
#4004=CARTESIAN_POINT('',(0.002525,-0.035575,0.004));
#4005=CARTESIAN_POINT('',(0.009525,-0.035575,0.004));
#4006=CARTESIAN_POINT('',(0.002525,-0.028575,0.004));
#4007=CARTESIAN_POINT('',(0.002525,-0.028575,0.002));
#4008=CARTESIAN_POINT('',(0.002525,-0.021575,0.002));
#4009=CARTESIAN_POINT('',(0.002525,-0.021575,0.004));
#4010=CARTESIAN_POINT('',(0.002525,-0.021575,0.004));
#4011=CARTESIAN_POINT('',(0.002525,-0.028575,0.004));
#4012=CARTESIAN_POINT('',(0.016525,-0.047625,0.004));
#4013=CARTESIAN_POINT('',(0.016525,-0.047625,0.002));
#4014=CARTESIAN_POINT('',(0.016525,-0.054625,0.002));
#4015=CARTESIAN_POINT('',(0.016525,-0.040625,0.002));
#4016=CARTESIAN_POINT('',(0.016525,-0.054625,0.004));
#4017=CARTESIAN_POINT('',(0.016525,-0.054625,0.004));
#4018=CARTESIAN_POINT('',(0.016525,-0.047625,0.004));
#4019=CARTESIAN_POINT('',(0.016525,-0.040625,0.004));
#4020=CARTESIAN_POINT('',(0.016525,-0.040625,0.004));
#4021=CARTESIAN_POINT('',(0.009525,-0.054625,0.004));
#4022=CARTESIAN_POINT('',(0.009525,-0.054625,0.002));
#4023=CARTESIAN_POINT('',(0.002525,-0.054625,0.002));
#4024=CARTESIAN_POINT('',(0.002525,-0.054625,0.004));
#4025=CARTESIAN_POINT('',(0.002525,-0.054625,0.004));
#4026=CARTESIAN_POINT('',(0.009525,-0.054625,0.004));
#4027=CARTESIAN_POINT('',(0.002525,-0.047625,0.004));
#4028=CARTESIAN_POINT('',(0.002525,-0.047625,0.002));
#4029=CARTESIAN_POINT('',(0.002525,-0.040625,0.002));
#4030=CARTESIAN_POINT('',(0.002525,-0.040625,0.004));
#4031=CARTESIAN_POINT('',(0.002525,-0.040625,0.004));
#4032=CARTESIAN_POINT('',(0.002525,-0.047625,0.004));
#4033=CARTESIAN_POINT('',(0.016525,-0.066675,0.004));
#4034=CARTESIAN_POINT('',(0.016525,-0.066675,0.002));
#4035=CARTESIAN_POINT('',(0.016525,-0.073675,0.002));
#4036=CARTESIAN_POINT('',(0.016525,-0.059675,0.002));
#4037=CARTESIAN_POINT('',(0.016525,-0.073675,0.004));
#4038=CARTESIAN_POINT('',(0.016525,-0.073675,0.004));
#4039=CARTESIAN_POINT('',(0.016525,-0.066675,0.004));
#4040=CARTESIAN_POINT('',(0.016525,-0.059675,0.004));
#4041=CARTESIAN_POINT('',(0.016525,-0.059675,0.004));
#4042=CARTESIAN_POINT('',(0.009525,-0.073675,0.004));
#4043=CARTESIAN_POINT('',(0.009525,-0.073675,0.002));
#4044=CARTESIAN_POINT('',(0.002525,-0.073675,0.002));
#4045=CARTESIAN_POINT('',(0.002525,-0.073675,0.004));
#4046=CARTESIAN_POINT('',(0.002525,-0.073675,0.004));
#4047=CARTESIAN_POINT('',(0.009525,-0.073675,0.004));
#4048=CARTESIAN_POINT('',(0.002525,-0.066675,0.004));
#4049=CARTESIAN_POINT('',(0.002525,-0.066675,0.002));
#4050=CARTESIAN_POINT('',(0.002525,-0.059675,0.002));
#4051=CARTESIAN_POINT('',(0.002525,-0.059675,0.004));
#4052=CARTESIAN_POINT('',(0.002525,-0.059675,0.004));
#4053=CARTESIAN_POINT('',(0.002525,-0.066675,0.004));
#4054=CARTESIAN_POINT('',(0.035575,-0.009525,0.004));
#4055=CARTESIAN_POINT('',(0.035575,-0.009525,0.002));
#4056=CARTESIAN_POINT('',(0.035575,-0.016525,0.002));
#4057=CARTESIAN_POINT('',(0.035575,-0.002525,0.002));
#4058=CARTESIAN_POINT('',(0.035575,-0.016525,0.004));
#4059=CARTESIAN_POINT('',(0.035575,-0.016525,0.004));
#4060=CARTESIAN_POINT('',(0.035575,-0.009525,0.004));
#4061=CARTESIAN_POINT('',(0.035575,-0.002525,0.004));
#4062=CARTESIAN_POINT('',(0.035575,-0.002525,0.004));
#4063=CARTESIAN_POINT('',(0.028575,-0.016525,0.004));
#4064=CARTESIAN_POINT('',(0.028575,-0.016525,0.002));
#4065=CARTESIAN_POINT('',(0.021575,-0.016525,0.002));
#4066=CARTESIAN_POINT('',(0.021575,-0.016525,0.004));
#4067=CARTESIAN_POINT('',(0.021575,-0.016525,0.004));
#4068=CARTESIAN_POINT('',(0.028575,-0.016525,0.004));
#4069=CARTESIAN_POINT('',(0.021575,-0.009525,0.004));
#4070=CARTESIAN_POINT('',(0.021575,-0.009525,0.002));
#4071=CARTESIAN_POINT('',(0.021575,-0.002525,0.002));
#4072=CARTESIAN_POINT('',(0.021575,-0.002525,0.004));
#4073=CARTESIAN_POINT('',(0.021575,-0.002525,0.004));
#4074=CARTESIAN_POINT('',(0.021575,-0.009525,0.004));
#4075=CARTESIAN_POINT('',(0.035575,-0.028575,0.004));
#4076=CARTESIAN_POINT('',(0.035575,-0.028575,0.002));
#4077=CARTESIAN_POINT('',(0.035575,-0.035575,0.002));
#4078=CARTESIAN_POINT('',(0.035575,-0.021575,0.002));
#4079=CARTESIAN_POINT('',(0.035575,-0.035575,0.004));
#4080=CARTESIAN_POINT('',(0.035575,-0.035575,0.004));
#4081=CARTESIAN_POINT('',(0.035575,-0.028575,0.004));
#4082=CARTESIAN_POINT('',(0.035575,-0.021575,0.004));
#4083=CARTESIAN_POINT('',(0.035575,-0.021575,0.004));
#4084=CARTESIAN_POINT('',(0.028575,-0.035575,0.004));
#4085=CARTESIAN_POINT('',(0.028575,-0.035575,0.002));
#4086=CARTESIAN_POINT('',(0.021575,-0.035575,0.002));
#4087=CARTESIAN_POINT('',(0.021575,-0.035575,0.004));
#4088=CARTESIAN_POINT('',(0.021575,-0.035575,0.004));
#4089=CARTESIAN_POINT('',(0.028575,-0.035575,0.004));
#4090=CARTESIAN_POINT('',(0.021575,-0.028575,0.004));
#4091=CARTESIAN_POINT('',(0.021575,-0.028575,0.002));
#4092=CARTESIAN_POINT('',(0.021575,-0.021575,0.002));
#4093=CARTESIAN_POINT('',(0.021575,-0.021575,0.004));
#4094=CARTESIAN_POINT('',(0.021575,-0.021575,0.004));
#4095=CARTESIAN_POINT('',(0.021575,-0.028575,0.004));
#4096=CARTESIAN_POINT('',(0.035575,-0.047625,0.004));
#4097=CARTESIAN_POINT('',(0.035575,-0.047625,0.002));
#4098=CARTESIAN_POINT('',(0.035575,-0.054625,0.002));
#4099=CARTESIAN_POINT('',(0.035575,-0.040625,0.002));
#4100=CARTESIAN_POINT('',(0.035575,-0.054625,0.004));
#4101=CARTESIAN_POINT('',(0.035575,-0.054625,0.004));
#4102=CARTESIAN_POINT('',(0.035575,-0.047625,0.004));
#4103=CARTESIAN_POINT('',(0.035575,-0.040625,0.004));
#4104=CARTESIAN_POINT('',(0.035575,-0.040625,0.004));
#4105=CARTESIAN_POINT('',(0.028575,-0.054625,0.004));
#4106=CARTESIAN_POINT('',(0.028575,-0.054625,0.002));
#4107=CARTESIAN_POINT('',(0.021575,-0.054625,0.002));
#4108=CARTESIAN_POINT('',(0.021575,-0.054625,0.004));
#4109=CARTESIAN_POINT('',(0.021575,-0.054625,0.004));
#4110=CARTESIAN_POINT('',(0.028575,-0.054625,0.004));
#4111=CARTESIAN_POINT('',(0.021575,-0.047625,0.004));
#4112=CARTESIAN_POINT('',(0.021575,-0.047625,0.002));
#4113=CARTESIAN_POINT('',(0.021575,-0.040625,0.002));
#4114=CARTESIAN_POINT('',(0.021575,-0.040625,0.004));
#4115=CARTESIAN_POINT('',(0.021575,-0.040625,0.004));
#4116=CARTESIAN_POINT('',(0.021575,-0.047625,0.004));
#4117=CARTESIAN_POINT('',(0.035575,-0.066675,0.004));
#4118=CARTESIAN_POINT('',(0.035575,-0.066675,0.002));
#4119=CARTESIAN_POINT('',(0.035575,-0.073675,0.002));
#4120=CARTESIAN_POINT('',(0.035575,-0.059675,0.002));
#4121=CARTESIAN_POINT('',(0.035575,-0.073675,0.004));
#4122=CARTESIAN_POINT('',(0.035575,-0.073675,0.004));
#4123=CARTESIAN_POINT('',(0.035575,-0.066675,0.004));
#4124=CARTESIAN_POINT('',(0.035575,-0.059675,0.004));
#4125=CARTESIAN_POINT('',(0.035575,-0.059675,0.004));
#4126=CARTESIAN_POINT('',(0.028575,-0.073675,0.004));
#4127=CARTESIAN_POINT('',(0.028575,-0.073675,0.002));
#4128=CARTESIAN_POINT('',(0.021575,-0.073675,0.002));
#4129=CARTESIAN_POINT('',(0.021575,-0.073675,0.004));
#4130=CARTESIAN_POINT('',(0.021575,-0.073675,0.004));
#4131=CARTESIAN_POINT('',(0.028575,-0.073675,0.004));
#4132=CARTESIAN_POINT('',(0.021575,-0.066675,0.004));
#4133=CARTESIAN_POINT('',(0.021575,-0.066675,0.002));
#4134=CARTESIAN_POINT('',(0.021575,-0.059675,0.002));
#4135=CARTESIAN_POINT('',(0.021575,-0.059675,0.004));
#4136=CARTESIAN_POINT('',(0.021575,-0.059675,0.004));
#4137=CARTESIAN_POINT('',(0.021575,-0.066675,0.004));
#4138=CARTESIAN_POINT('',(0.035575,-0.085725,0.004));
#4139=CARTESIAN_POINT('',(0.035575,-0.085725,0.002));
#4140=CARTESIAN_POINT('',(0.035575,-0.092725,0.002));
#4141=CARTESIAN_POINT('',(0.035575,-0.078725,0.002));
#4142=CARTESIAN_POINT('',(0.035575,-0.092725,0.004));
#4143=CARTESIAN_POINT('',(0.035575,-0.092725,0.004));
#4144=CARTESIAN_POINT('',(0.035575,-0.085725,0.004));
#4145=CARTESIAN_POINT('',(0.035575,-0.078725,0.004));
#4146=CARTESIAN_POINT('',(0.035575,-0.078725,0.004));
#4147=CARTESIAN_POINT('',(0.028575,-0.092725,0.004));
#4148=CARTESIAN_POINT('',(0.028575,-0.092725,0.002));
#4149=CARTESIAN_POINT('',(0.021575,-0.092725,0.002));
#4150=CARTESIAN_POINT('',(0.021575,-0.092725,0.004));
#4151=CARTESIAN_POINT('',(0.021575,-0.092725,0.004));
#4152=CARTESIAN_POINT('',(0.028575,-0.092725,0.004));
#4153=CARTESIAN_POINT('',(0.021575,-0.085725,0.004));
#4154=CARTESIAN_POINT('',(0.021575,-0.085725,0.002));
#4155=CARTESIAN_POINT('',(0.021575,-0.078725,0.002));
#4156=CARTESIAN_POINT('',(0.021575,-0.078725,0.004));
#4157=CARTESIAN_POINT('',(0.021575,-0.078725,0.004));
#4158=CARTESIAN_POINT('',(0.021575,-0.085725,0.004));
#4159=CARTESIAN_POINT('',(0.035575,-0.104775,0.004));
#4160=CARTESIAN_POINT('',(0.035575,-0.104775,0.002));
#4161=CARTESIAN_POINT('',(0.035575,-0.111775,0.002));
#4162=CARTESIAN_POINT('',(0.035575,-0.097775,0.002));
#4163=CARTESIAN_POINT('',(0.035575,-0.111775,0.004));
#4164=CARTESIAN_POINT('',(0.035575,-0.111775,0.004));
#4165=CARTESIAN_POINT('',(0.035575,-0.104775,0.004));
#4166=CARTESIAN_POINT('',(0.035575,-0.097775,0.004));
#4167=CARTESIAN_POINT('',(0.035575,-0.097775,0.004));
#4168=CARTESIAN_POINT('',(0.028575,-0.111775,0.004));
#4169=CARTESIAN_POINT('',(0.028575,-0.111775,0.002));
#4170=CARTESIAN_POINT('',(0.021575,-0.111775,0.002));
#4171=CARTESIAN_POINT('',(0.021575,-0.111775,0.004));
#4172=CARTESIAN_POINT('',(0.021575,-0.111775,0.004));
#4173=CARTESIAN_POINT('',(0.028575,-0.111775,0.004));
#4174=CARTESIAN_POINT('',(0.021575,-0.104775,0.004));
#4175=CARTESIAN_POINT('',(0.021575,-0.104775,0.002));
#4176=CARTESIAN_POINT('',(0.021575,-0.097775,0.002));
#4177=CARTESIAN_POINT('',(0.021575,-0.097775,0.004));
#4178=CARTESIAN_POINT('',(0.021575,-0.097775,0.004));
#4179=CARTESIAN_POINT('',(0.021575,-0.104775,0.004));
#4180=CARTESIAN_POINT('',(0.054625,-0.028575,0.004));
#4181=CARTESIAN_POINT('',(0.054625,-0.028575,0.002));
#4182=CARTESIAN_POINT('',(0.054625,-0.035575,0.002));
#4183=CARTESIAN_POINT('',(0.054625,-0.021575,0.002));
#4184=CARTESIAN_POINT('',(0.054625,-0.035575,0.004));
#4185=CARTESIAN_POINT('',(0.054625,-0.035575,0.004));
#4186=CARTESIAN_POINT('',(0.054625,-0.028575,0.004));
#4187=CARTESIAN_POINT('',(0.054625,-0.021575,0.004));
#4188=CARTESIAN_POINT('',(0.054625,-0.021575,0.004));
#4189=CARTESIAN_POINT('',(0.047625,-0.035575,0.004));
#4190=CARTESIAN_POINT('',(0.047625,-0.035575,0.002));
#4191=CARTESIAN_POINT('',(0.040625,-0.035575,0.002));
#4192=CARTESIAN_POINT('',(0.040625,-0.035575,0.004));
#4193=CARTESIAN_POINT('',(0.040625,-0.035575,0.004));
#4194=CARTESIAN_POINT('',(0.047625,-0.035575,0.004));
#4195=CARTESIAN_POINT('',(0.040625,-0.028575,0.004));
#4196=CARTESIAN_POINT('',(0.040625,-0.028575,0.002));
#4197=CARTESIAN_POINT('',(0.040625,-0.021575,0.002));
#4198=CARTESIAN_POINT('',(0.040625,-0.021575,0.004));
#4199=CARTESIAN_POINT('',(0.040625,-0.021575,0.004));
#4200=CARTESIAN_POINT('',(0.040625,-0.028575,0.004));
#4201=CARTESIAN_POINT('',(0.054625,-0.047625,0.004));
#4202=CARTESIAN_POINT('',(0.054625,-0.047625,0.002));
#4203=CARTESIAN_POINT('',(0.054625,-0.054625,0.002));
#4204=CARTESIAN_POINT('',(0.054625,-0.040625,0.002));
#4205=CARTESIAN_POINT('',(0.054625,-0.054625,0.004));
#4206=CARTESIAN_POINT('',(0.054625,-0.054625,0.004));
#4207=CARTESIAN_POINT('',(0.054625,-0.047625,0.004));
#4208=CARTESIAN_POINT('',(0.054625,-0.040625,0.004));
#4209=CARTESIAN_POINT('',(0.054625,-0.040625,0.004));
#4210=CARTESIAN_POINT('',(0.047625,-0.054625,0.004));
#4211=CARTESIAN_POINT('',(0.047625,-0.054625,0.002));
#4212=CARTESIAN_POINT('',(0.040625,-0.054625,0.002));
#4213=CARTESIAN_POINT('',(0.040625,-0.054625,0.004));
#4214=CARTESIAN_POINT('',(0.040625,-0.054625,0.004));
#4215=CARTESIAN_POINT('',(0.047625,-0.054625,0.004));
#4216=CARTESIAN_POINT('',(0.040625,-0.047625,0.004));
#4217=CARTESIAN_POINT('',(0.040625,-0.047625,0.002));
#4218=CARTESIAN_POINT('',(0.040625,-0.040625,0.002));
#4219=CARTESIAN_POINT('',(0.040625,-0.040625,0.004));
#4220=CARTESIAN_POINT('',(0.040625,-0.040625,0.004));
#4221=CARTESIAN_POINT('',(0.040625,-0.047625,0.004));
#4222=CARTESIAN_POINT('',(0.054625,-0.066675,0.004));
#4223=CARTESIAN_POINT('',(0.054625,-0.066675,0.002));
#4224=CARTESIAN_POINT('',(0.054625,-0.073675,0.002));
#4225=CARTESIAN_POINT('',(0.054625,-0.059675,0.002));
#4226=CARTESIAN_POINT('',(0.054625,-0.073675,0.004));
#4227=CARTESIAN_POINT('',(0.054625,-0.073675,0.004));
#4228=CARTESIAN_POINT('',(0.054625,-0.066675,0.004));
#4229=CARTESIAN_POINT('',(0.054625,-0.059675,0.004));
#4230=CARTESIAN_POINT('',(0.054625,-0.059675,0.004));
#4231=CARTESIAN_POINT('',(0.047625,-0.073675,0.004));
#4232=CARTESIAN_POINT('',(0.047625,-0.073675,0.002));
#4233=CARTESIAN_POINT('',(0.040625,-0.073675,0.002));
#4234=CARTESIAN_POINT('',(0.040625,-0.073675,0.004));
#4235=CARTESIAN_POINT('',(0.040625,-0.073675,0.004));
#4236=CARTESIAN_POINT('',(0.047625,-0.073675,0.004));
#4237=CARTESIAN_POINT('',(0.040625,-0.066675,0.004));
#4238=CARTESIAN_POINT('',(0.040625,-0.066675,0.002));
#4239=CARTESIAN_POINT('',(0.040625,-0.059675,0.002));
#4240=CARTESIAN_POINT('',(0.040625,-0.059675,0.004));
#4241=CARTESIAN_POINT('',(0.040625,-0.059675,0.004));
#4242=CARTESIAN_POINT('',(0.040625,-0.066675,0.004));
#4243=CARTESIAN_POINT('',(0.054625,-0.085725,0.004));
#4244=CARTESIAN_POINT('',(0.054625,-0.085725,0.002));
#4245=CARTESIAN_POINT('',(0.054625,-0.092725,0.002));
#4246=CARTESIAN_POINT('',(0.054625,-0.078725,0.002));
#4247=CARTESIAN_POINT('',(0.054625,-0.092725,0.004));
#4248=CARTESIAN_POINT('',(0.054625,-0.092725,0.004));
#4249=CARTESIAN_POINT('',(0.054625,-0.085725,0.004));
#4250=CARTESIAN_POINT('',(0.054625,-0.078725,0.004));
#4251=CARTESIAN_POINT('',(0.054625,-0.078725,0.004));
#4252=CARTESIAN_POINT('',(0.047625,-0.092725,0.004));
#4253=CARTESIAN_POINT('',(0.047625,-0.092725,0.002));
#4254=CARTESIAN_POINT('',(0.040625,-0.092725,0.002));
#4255=CARTESIAN_POINT('',(0.040625,-0.092725,0.004));
#4256=CARTESIAN_POINT('',(0.040625,-0.092725,0.004));
#4257=CARTESIAN_POINT('',(0.047625,-0.092725,0.004));
#4258=CARTESIAN_POINT('',(0.040625,-0.085725,0.004));
#4259=CARTESIAN_POINT('',(0.040625,-0.085725,0.002));
#4260=CARTESIAN_POINT('',(0.040625,-0.078725,0.002));
#4261=CARTESIAN_POINT('',(0.040625,-0.078725,0.004));
#4262=CARTESIAN_POINT('',(0.040625,-0.078725,0.004));
#4263=CARTESIAN_POINT('',(0.040625,-0.085725,0.004));
#4264=CARTESIAN_POINT('',(0.054625,-0.104775,0.004));
#4265=CARTESIAN_POINT('',(0.054625,-0.104775,0.002));
#4266=CARTESIAN_POINT('',(0.054625,-0.111775,0.002));
#4267=CARTESIAN_POINT('',(0.054625,-0.097775,0.002));
#4268=CARTESIAN_POINT('',(0.054625,-0.111775,0.004));
#4269=CARTESIAN_POINT('',(0.054625,-0.111775,0.004));
#4270=CARTESIAN_POINT('',(0.054625,-0.104775,0.004));
#4271=CARTESIAN_POINT('',(0.054625,-0.097775,0.004));
#4272=CARTESIAN_POINT('',(0.054625,-0.097775,0.004));
#4273=CARTESIAN_POINT('',(0.047625,-0.111775,0.004));
#4274=CARTESIAN_POINT('',(0.047625,-0.111775,0.002));
#4275=CARTESIAN_POINT('',(0.040625,-0.111775,0.002));
#4276=CARTESIAN_POINT('',(0.040625,-0.111775,0.004));
#4277=CARTESIAN_POINT('',(0.040625,-0.111775,0.004));
#4278=CARTESIAN_POINT('',(0.047625,-0.111775,0.004));
#4279=CARTESIAN_POINT('',(0.040625,-0.104775,0.004));
#4280=CARTESIAN_POINT('',(0.040625,-0.104775,0.002));
#4281=CARTESIAN_POINT('',(0.040625,-0.097775,0.002));
#4282=CARTESIAN_POINT('',(0.040625,-0.097775,0.004));
#4283=CARTESIAN_POINT('',(0.040625,-0.097775,0.004));
#4284=CARTESIAN_POINT('',(0.040625,-0.104775,0.004));
#4285=CARTESIAN_POINT('',(0.073675,-0.028575,0.004));
#4286=CARTESIAN_POINT('',(0.073675,-0.028575,0.002));
#4287=CARTESIAN_POINT('',(0.073675,-0.035575,0.002));
#4288=CARTESIAN_POINT('',(0.073675,-0.021575,0.002));
#4289=CARTESIAN_POINT('',(0.073675,-0.035575,0.004));
#4290=CARTESIAN_POINT('',(0.073675,-0.035575,0.004));
#4291=CARTESIAN_POINT('',(0.073675,-0.028575,0.004));
#4292=CARTESIAN_POINT('',(0.073675,-0.021575,0.004));
#4293=CARTESIAN_POINT('',(0.073675,-0.021575,0.004));
#4294=CARTESIAN_POINT('',(0.066675,-0.035575,0.004));
#4295=CARTESIAN_POINT('',(0.066675,-0.035575,0.002));
#4296=CARTESIAN_POINT('',(0.059675,-0.035575,0.002));
#4297=CARTESIAN_POINT('',(0.059675,-0.035575,0.004));
#4298=CARTESIAN_POINT('',(0.059675,-0.035575,0.004));
#4299=CARTESIAN_POINT('',(0.066675,-0.035575,0.004));
#4300=CARTESIAN_POINT('',(0.059675,-0.028575,0.004));
#4301=CARTESIAN_POINT('',(0.059675,-0.028575,0.002));
#4302=CARTESIAN_POINT('',(0.059675,-0.021575,0.002));
#4303=CARTESIAN_POINT('',(0.059675,-0.021575,0.004));
#4304=CARTESIAN_POINT('',(0.059675,-0.021575,0.004));
#4305=CARTESIAN_POINT('',(0.059675,-0.028575,0.004));
#4306=CARTESIAN_POINT('',(0.073675,-0.047625,0.004));
#4307=CARTESIAN_POINT('',(0.073675,-0.047625,0.002));
#4308=CARTESIAN_POINT('',(0.073675,-0.054625,0.002));
#4309=CARTESIAN_POINT('',(0.073675,-0.040625,0.002));
#4310=CARTESIAN_POINT('',(0.073675,-0.054625,0.004));
#4311=CARTESIAN_POINT('',(0.073675,-0.054625,0.004));
#4312=CARTESIAN_POINT('',(0.073675,-0.047625,0.004));
#4313=CARTESIAN_POINT('',(0.073675,-0.040625,0.004));
#4314=CARTESIAN_POINT('',(0.073675,-0.040625,0.004));
#4315=CARTESIAN_POINT('',(0.066675,-0.054625,0.004));
#4316=CARTESIAN_POINT('',(0.066675,-0.054625,0.002));
#4317=CARTESIAN_POINT('',(0.059675,-0.054625,0.002));
#4318=CARTESIAN_POINT('',(0.059675,-0.054625,0.004));
#4319=CARTESIAN_POINT('',(0.059675,-0.054625,0.004));
#4320=CARTESIAN_POINT('',(0.066675,-0.054625,0.004));
#4321=CARTESIAN_POINT('',(0.059675,-0.047625,0.004));
#4322=CARTESIAN_POINT('',(0.059675,-0.047625,0.002));
#4323=CARTESIAN_POINT('',(0.059675,-0.040625,0.002));
#4324=CARTESIAN_POINT('',(0.059675,-0.040625,0.004));
#4325=CARTESIAN_POINT('',(0.059675,-0.040625,0.004));
#4326=CARTESIAN_POINT('',(0.059675,-0.047625,0.004));
#4327=CARTESIAN_POINT('',(0.073675,-0.066675,0.004));
#4328=CARTESIAN_POINT('',(0.073675,-0.066675,0.002));
#4329=CARTESIAN_POINT('',(0.073675,-0.073675,0.002));
#4330=CARTESIAN_POINT('',(0.073675,-0.059675,0.002));
#4331=CARTESIAN_POINT('',(0.073675,-0.073675,0.004));
#4332=CARTESIAN_POINT('',(0.073675,-0.073675,0.004));
#4333=CARTESIAN_POINT('',(0.073675,-0.066675,0.004));
#4334=CARTESIAN_POINT('',(0.073675,-0.059675,0.004));
#4335=CARTESIAN_POINT('',(0.073675,-0.059675,0.004));
#4336=CARTESIAN_POINT('',(0.066675,-0.073675,0.004));
#4337=CARTESIAN_POINT('',(0.066675,-0.073675,0.002));
#4338=CARTESIAN_POINT('',(0.059675,-0.073675,0.002));
#4339=CARTESIAN_POINT('',(0.059675,-0.073675,0.004));
#4340=CARTESIAN_POINT('',(0.059675,-0.073675,0.004));
#4341=CARTESIAN_POINT('',(0.066675,-0.073675,0.004));
#4342=CARTESIAN_POINT('',(0.059675,-0.066675,0.004));
#4343=CARTESIAN_POINT('',(0.059675,-0.066675,0.002));
#4344=CARTESIAN_POINT('',(0.059675,-0.059675,0.002));
#4345=CARTESIAN_POINT('',(0.059675,-0.059675,0.004));
#4346=CARTESIAN_POINT('',(0.059675,-0.059675,0.004));
#4347=CARTESIAN_POINT('',(0.059675,-0.066675,0.004));
#4348=CARTESIAN_POINT('',(0.073675,-0.085725,0.004));
#4349=CARTESIAN_POINT('',(0.073675,-0.085725,0.002));
#4350=CARTESIAN_POINT('',(0.073675,-0.092725,0.002));
#4351=CARTESIAN_POINT('',(0.073675,-0.078725,0.002));
#4352=CARTESIAN_POINT('',(0.073675,-0.092725,0.004));
#4353=CARTESIAN_POINT('',(0.073675,-0.092725,0.004));
#4354=CARTESIAN_POINT('',(0.073675,-0.085725,0.004));
#4355=CARTESIAN_POINT('',(0.073675,-0.078725,0.004));
#4356=CARTESIAN_POINT('',(0.073675,-0.078725,0.004));
#4357=CARTESIAN_POINT('',(0.066675,-0.092725,0.004));
#4358=CARTESIAN_POINT('',(0.066675,-0.092725,0.002));
#4359=CARTESIAN_POINT('',(0.059675,-0.092725,0.002));
#4360=CARTESIAN_POINT('',(0.059675,-0.092725,0.004));
#4361=CARTESIAN_POINT('',(0.059675,-0.092725,0.004));
#4362=CARTESIAN_POINT('',(0.066675,-0.092725,0.004));
#4363=CARTESIAN_POINT('',(0.059675,-0.085725,0.004));
#4364=CARTESIAN_POINT('',(0.059675,-0.085725,0.002));
#4365=CARTESIAN_POINT('',(0.059675,-0.078725,0.002));
#4366=CARTESIAN_POINT('',(0.059675,-0.078725,0.004));
#4367=CARTESIAN_POINT('',(0.059675,-0.078725,0.004));
#4368=CARTESIAN_POINT('',(0.059675,-0.085725,0.004));
#4369=CARTESIAN_POINT('',(0.073675,-0.104775,0.004));
#4370=CARTESIAN_POINT('',(0.073675,-0.104775,0.002));
#4371=CARTESIAN_POINT('',(0.073675,-0.111775,0.002));
#4372=CARTESIAN_POINT('',(0.073675,-0.097775,0.002));
#4373=CARTESIAN_POINT('',(0.073675,-0.111775,0.004));
#4374=CARTESIAN_POINT('',(0.073675,-0.111775,0.004));
#4375=CARTESIAN_POINT('',(0.073675,-0.104775,0.004));
#4376=CARTESIAN_POINT('',(0.073675,-0.097775,0.004));
#4377=CARTESIAN_POINT('',(0.073675,-0.097775,0.004));
#4378=CARTESIAN_POINT('',(0.066675,-0.111775,0.004));
#4379=CARTESIAN_POINT('',(0.066675,-0.111775,0.002));
#4380=CARTESIAN_POINT('',(0.059675,-0.111775,0.002));
#4381=CARTESIAN_POINT('',(0.059675,-0.111775,0.004));
#4382=CARTESIAN_POINT('',(0.059675,-0.111775,0.004));
#4383=CARTESIAN_POINT('',(0.066675,-0.111775,0.004));
#4384=CARTESIAN_POINT('',(0.059675,-0.104775,0.004));
#4385=CARTESIAN_POINT('',(0.059675,-0.104775,0.002));
#4386=CARTESIAN_POINT('',(0.059675,-0.097775,0.002));
#4387=CARTESIAN_POINT('',(0.059675,-0.097775,0.004));
#4388=CARTESIAN_POINT('',(0.059675,-0.097775,0.004));
#4389=CARTESIAN_POINT('',(0.059675,-0.104775,0.004));
#4390=CARTESIAN_POINT('',(0.092725,-0.009525,0.004));
#4391=CARTESIAN_POINT('',(0.092725,-0.009525,0.002));
#4392=CARTESIAN_POINT('',(0.092725,-0.016525,0.002));
#4393=CARTESIAN_POINT('',(0.092725,-0.002525,0.002));
#4394=CARTESIAN_POINT('',(0.092725,-0.016525,0.004));
#4395=CARTESIAN_POINT('',(0.092725,-0.016525,0.004));
#4396=CARTESIAN_POINT('',(0.092725,-0.009525,0.004));
#4397=CARTESIAN_POINT('',(0.092725,-0.002525,0.004));
#4398=CARTESIAN_POINT('',(0.092725,-0.002525,0.004));
#4399=CARTESIAN_POINT('',(0.085725,-0.016525,0.004));
#4400=CARTESIAN_POINT('',(0.085725,-0.016525,0.002));
#4401=CARTESIAN_POINT('',(0.078725,-0.016525,0.002));
#4402=CARTESIAN_POINT('',(0.078725,-0.016525,0.004));
#4403=CARTESIAN_POINT('',(0.078725,-0.016525,0.004));
#4404=CARTESIAN_POINT('',(0.085725,-0.016525,0.004));
#4405=CARTESIAN_POINT('',(0.078725,-0.009525,0.004));
#4406=CARTESIAN_POINT('',(0.078725,-0.009525,0.002));
#4407=CARTESIAN_POINT('',(0.078725,-0.002525,0.002));
#4408=CARTESIAN_POINT('',(0.078725,-0.002525,0.004));
#4409=CARTESIAN_POINT('',(0.078725,-0.002525,0.004));
#4410=CARTESIAN_POINT('',(0.078725,-0.009525,0.004));
#4411=CARTESIAN_POINT('',(0.092725,-0.028575,0.004));
#4412=CARTESIAN_POINT('',(0.092725,-0.028575,0.002));
#4413=CARTESIAN_POINT('',(0.092725,-0.035575,0.002));
#4414=CARTESIAN_POINT('',(0.092725,-0.021575,0.002));
#4415=CARTESIAN_POINT('',(0.092725,-0.035575,0.004));
#4416=CARTESIAN_POINT('',(0.092725,-0.035575,0.004));
#4417=CARTESIAN_POINT('',(0.092725,-0.028575,0.004));
#4418=CARTESIAN_POINT('',(0.092725,-0.021575,0.004));
#4419=CARTESIAN_POINT('',(0.092725,-0.021575,0.004));
#4420=CARTESIAN_POINT('',(0.085725,-0.035575,0.004));
#4421=CARTESIAN_POINT('',(0.085725,-0.035575,0.002));
#4422=CARTESIAN_POINT('',(0.078725,-0.035575,0.002));
#4423=CARTESIAN_POINT('',(0.078725,-0.035575,0.004));
#4424=CARTESIAN_POINT('',(0.078725,-0.035575,0.004));
#4425=CARTESIAN_POINT('',(0.085725,-0.035575,0.004));
#4426=CARTESIAN_POINT('',(0.078725,-0.028575,0.004));
#4427=CARTESIAN_POINT('',(0.078725,-0.028575,0.002));
#4428=CARTESIAN_POINT('',(0.078725,-0.021575,0.002));
#4429=CARTESIAN_POINT('',(0.078725,-0.021575,0.004));
#4430=CARTESIAN_POINT('',(0.078725,-0.021575,0.004));
#4431=CARTESIAN_POINT('',(0.078725,-0.028575,0.004));
#4432=CARTESIAN_POINT('',(0.092725,-0.047625,0.004));
#4433=CARTESIAN_POINT('',(0.092725,-0.047625,0.002));
#4434=CARTESIAN_POINT('',(0.092725,-0.054625,0.002));
#4435=CARTESIAN_POINT('',(0.092725,-0.040625,0.002));
#4436=CARTESIAN_POINT('',(0.092725,-0.054625,0.004));
#4437=CARTESIAN_POINT('',(0.092725,-0.054625,0.004));
#4438=CARTESIAN_POINT('',(0.092725,-0.047625,0.004));
#4439=CARTESIAN_POINT('',(0.092725,-0.040625,0.004));
#4440=CARTESIAN_POINT('',(0.092725,-0.040625,0.004));
#4441=CARTESIAN_POINT('',(0.085725,-0.054625,0.004));
#4442=CARTESIAN_POINT('',(0.085725,-0.054625,0.002));
#4443=CARTESIAN_POINT('',(0.078725,-0.054625,0.002));
#4444=CARTESIAN_POINT('',(0.078725,-0.054625,0.004));
#4445=CARTESIAN_POINT('',(0.078725,-0.054625,0.004));
#4446=CARTESIAN_POINT('',(0.085725,-0.054625,0.004));
#4447=CARTESIAN_POINT('',(0.078725,-0.047625,0.004));
#4448=CARTESIAN_POINT('',(0.078725,-0.047625,0.002));
#4449=CARTESIAN_POINT('',(0.078725,-0.040625,0.002));
#4450=CARTESIAN_POINT('',(0.078725,-0.040625,0.004));
#4451=CARTESIAN_POINT('',(0.078725,-0.040625,0.004));
#4452=CARTESIAN_POINT('',(0.078725,-0.047625,0.004));
#4453=CARTESIAN_POINT('',(0.092725,-0.066675,0.004));
#4454=CARTESIAN_POINT('',(0.092725,-0.066675,0.002));
#4455=CARTESIAN_POINT('',(0.092725,-0.073675,0.002));
#4456=CARTESIAN_POINT('',(0.092725,-0.059675,0.002));
#4457=CARTESIAN_POINT('',(0.092725,-0.073675,0.004));
#4458=CARTESIAN_POINT('',(0.092725,-0.073675,0.004));
#4459=CARTESIAN_POINT('',(0.092725,-0.066675,0.004));
#4460=CARTESIAN_POINT('',(0.092725,-0.059675,0.004));
#4461=CARTESIAN_POINT('',(0.092725,-0.059675,0.004));
#4462=CARTESIAN_POINT('',(0.085725,-0.073675,0.004));
#4463=CARTESIAN_POINT('',(0.085725,-0.073675,0.002));
#4464=CARTESIAN_POINT('',(0.078725,-0.073675,0.002));
#4465=CARTESIAN_POINT('',(0.078725,-0.073675,0.004));
#4466=CARTESIAN_POINT('',(0.078725,-0.073675,0.004));
#4467=CARTESIAN_POINT('',(0.085725,-0.073675,0.004));
#4468=CARTESIAN_POINT('',(0.078725,-0.066675,0.004));
#4469=CARTESIAN_POINT('',(0.078725,-0.066675,0.002));
#4470=CARTESIAN_POINT('',(0.078725,-0.059675,0.002));
#4471=CARTESIAN_POINT('',(0.078725,-0.059675,0.004));
#4472=CARTESIAN_POINT('',(0.078725,-0.059675,0.004));
#4473=CARTESIAN_POINT('',(0.078725,-0.066675,0.004));
#4474=CARTESIAN_POINT('',(0.092725,-0.085725,0.004));
#4475=CARTESIAN_POINT('',(0.092725,-0.085725,0.002));
#4476=CARTESIAN_POINT('',(0.092725,-0.092725,0.002));
#4477=CARTESIAN_POINT('',(0.092725,-0.078725,0.002));
#4478=CARTESIAN_POINT('',(0.092725,-0.092725,0.004));
#4479=CARTESIAN_POINT('',(0.092725,-0.092725,0.004));
#4480=CARTESIAN_POINT('',(0.092725,-0.085725,0.004));
#4481=CARTESIAN_POINT('',(0.092725,-0.078725,0.004));
#4482=CARTESIAN_POINT('',(0.092725,-0.078725,0.004));
#4483=CARTESIAN_POINT('',(0.085725,-0.092725,0.004));
#4484=CARTESIAN_POINT('',(0.085725,-0.092725,0.002));
#4485=CARTESIAN_POINT('',(0.078725,-0.092725,0.002));
#4486=CARTESIAN_POINT('',(0.078725,-0.092725,0.004));
#4487=CARTESIAN_POINT('',(0.078725,-0.092725,0.004));
#4488=CARTESIAN_POINT('',(0.085725,-0.092725,0.004));
#4489=CARTESIAN_POINT('',(0.078725,-0.085725,0.004));
#4490=CARTESIAN_POINT('',(0.078725,-0.085725,0.002));
#4491=CARTESIAN_POINT('',(0.078725,-0.078725,0.002));
#4492=CARTESIAN_POINT('',(0.078725,-0.078725,0.004));
#4493=CARTESIAN_POINT('',(0.078725,-0.078725,0.004));
#4494=CARTESIAN_POINT('',(0.078725,-0.085725,0.004));
#4495=CARTESIAN_POINT('',(0.092725,-0.104775,0.004));
#4496=CARTESIAN_POINT('',(0.092725,-0.104775,0.002));
#4497=CARTESIAN_POINT('',(0.092725,-0.111775,0.002));
#4498=CARTESIAN_POINT('',(0.092725,-0.097775,0.002));
#4499=CARTESIAN_POINT('',(0.092725,-0.111775,0.004));
#4500=CARTESIAN_POINT('',(0.092725,-0.111775,0.004));
#4501=CARTESIAN_POINT('',(0.092725,-0.104775,0.004));
#4502=CARTESIAN_POINT('',(0.092725,-0.097775,0.004));
#4503=CARTESIAN_POINT('',(0.092725,-0.097775,0.004));
#4504=CARTESIAN_POINT('',(0.085725,-0.111775,0.004));
#4505=CARTESIAN_POINT('',(0.085725,-0.111775,0.002));
#4506=CARTESIAN_POINT('',(0.078725,-0.111775,0.002));
#4507=CARTESIAN_POINT('',(0.078725,-0.111775,0.004));
#4508=CARTESIAN_POINT('',(0.078725,-0.111775,0.004));
#4509=CARTESIAN_POINT('',(0.085725,-0.111775,0.004));
#4510=CARTESIAN_POINT('',(0.078725,-0.104775,0.004));
#4511=CARTESIAN_POINT('',(0.078725,-0.104775,0.002));
#4512=CARTESIAN_POINT('',(0.078725,-0.097775,0.002));
#4513=CARTESIAN_POINT('',(0.078725,-0.097775,0.004));
#4514=CARTESIAN_POINT('',(0.078725,-0.097775,0.004));
#4515=CARTESIAN_POINT('',(0.078725,-0.104775,0.004));
#4516=CARTESIAN_POINT('',(0.111775,-0.009525,0.004));
#4517=CARTESIAN_POINT('',(0.111775,-0.009525,0.002));
#4518=CARTESIAN_POINT('',(0.111775,-0.016525,0.002));
#4519=CARTESIAN_POINT('',(0.111775,-0.002525,0.002));
#4520=CARTESIAN_POINT('',(0.111775,-0.016525,0.004));
#4521=CARTESIAN_POINT('',(0.111775,-0.016525,0.004));
#4522=CARTESIAN_POINT('',(0.111775,-0.009525,0.004));
#4523=CARTESIAN_POINT('',(0.111775,-0.002525,0.004));
#4524=CARTESIAN_POINT('',(0.111775,-0.002525,0.004));
#4525=CARTESIAN_POINT('',(0.104775,-0.016525,0.004));
#4526=CARTESIAN_POINT('',(0.104775,-0.016525,0.002));
#4527=CARTESIAN_POINT('',(0.097775,-0.016525,0.002));
#4528=CARTESIAN_POINT('',(0.097775,-0.016525,0.004));
#4529=CARTESIAN_POINT('',(0.097775,-0.016525,0.004));
#4530=CARTESIAN_POINT('',(0.104775,-0.016525,0.004));
#4531=CARTESIAN_POINT('',(0.097775,-0.009525,0.004));
#4532=CARTESIAN_POINT('',(0.097775,-0.009525,0.002));
#4533=CARTESIAN_POINT('',(0.097775,-0.002525,0.002));
#4534=CARTESIAN_POINT('',(0.097775,-0.002525,0.004));
#4535=CARTESIAN_POINT('',(0.097775,-0.002525,0.004));
#4536=CARTESIAN_POINT('',(0.097775,-0.009525,0.004));
#4537=CARTESIAN_POINT('',(0.111775,-0.028575,0.004));
#4538=CARTESIAN_POINT('',(0.111775,-0.028575,0.002));
#4539=CARTESIAN_POINT('',(0.111775,-0.035575,0.002));
#4540=CARTESIAN_POINT('',(0.111775,-0.021575,0.002));
#4541=CARTESIAN_POINT('',(0.111775,-0.035575,0.004));
#4542=CARTESIAN_POINT('',(0.111775,-0.035575,0.004));
#4543=CARTESIAN_POINT('',(0.111775,-0.028575,0.004));
#4544=CARTESIAN_POINT('',(0.111775,-0.021575,0.004));
#4545=CARTESIAN_POINT('',(0.111775,-0.021575,0.004));
#4546=CARTESIAN_POINT('',(0.104775,-0.035575,0.004));
#4547=CARTESIAN_POINT('',(0.104775,-0.035575,0.002));
#4548=CARTESIAN_POINT('',(0.097775,-0.035575,0.002));
#4549=CARTESIAN_POINT('',(0.097775,-0.035575,0.004));
#4550=CARTESIAN_POINT('',(0.097775,-0.035575,0.004));
#4551=CARTESIAN_POINT('',(0.104775,-0.035575,0.004));
#4552=CARTESIAN_POINT('',(0.097775,-0.028575,0.004));
#4553=CARTESIAN_POINT('',(0.097775,-0.028575,0.002));
#4554=CARTESIAN_POINT('',(0.097775,-0.021575,0.002));
#4555=CARTESIAN_POINT('',(0.097775,-0.021575,0.004));
#4556=CARTESIAN_POINT('',(0.097775,-0.021575,0.004));
#4557=CARTESIAN_POINT('',(0.097775,-0.028575,0.004));
#4558=CARTESIAN_POINT('',(0.111775,-0.047625,0.004));
#4559=CARTESIAN_POINT('',(0.111775,-0.047625,0.002));
#4560=CARTESIAN_POINT('',(0.111775,-0.054625,0.002));
#4561=CARTESIAN_POINT('',(0.111775,-0.040625,0.002));
#4562=CARTESIAN_POINT('',(0.111775,-0.054625,0.004));
#4563=CARTESIAN_POINT('',(0.111775,-0.054625,0.004));
#4564=CARTESIAN_POINT('',(0.111775,-0.047625,0.004));
#4565=CARTESIAN_POINT('',(0.111775,-0.040625,0.004));
#4566=CARTESIAN_POINT('',(0.111775,-0.040625,0.004));
#4567=CARTESIAN_POINT('',(0.104775,-0.054625,0.004));
#4568=CARTESIAN_POINT('',(0.104775,-0.054625,0.002));
#4569=CARTESIAN_POINT('',(0.097775,-0.054625,0.002));
#4570=CARTESIAN_POINT('',(0.097775,-0.054625,0.004));
#4571=CARTESIAN_POINT('',(0.097775,-0.054625,0.004));
#4572=CARTESIAN_POINT('',(0.104775,-0.054625,0.004));
#4573=CARTESIAN_POINT('',(0.097775,-0.047625,0.004));
#4574=CARTESIAN_POINT('',(0.097775,-0.047625,0.002));
#4575=CARTESIAN_POINT('',(0.097775,-0.040625,0.002));
#4576=CARTESIAN_POINT('',(0.097775,-0.040625,0.004));
#4577=CARTESIAN_POINT('',(0.097775,-0.040625,0.004));
#4578=CARTESIAN_POINT('',(0.097775,-0.047625,0.004));
#4579=CARTESIAN_POINT('',(0.111775,-0.066675,0.004));
#4580=CARTESIAN_POINT('',(0.111775,-0.066675,0.002));
#4581=CARTESIAN_POINT('',(0.111775,-0.073675,0.002));
#4582=CARTESIAN_POINT('',(0.111775,-0.059675,0.002));
#4583=CARTESIAN_POINT('',(0.111775,-0.073675,0.004));
#4584=CARTESIAN_POINT('',(0.111775,-0.073675,0.004));
#4585=CARTESIAN_POINT('',(0.111775,-0.066675,0.004));
#4586=CARTESIAN_POINT('',(0.111775,-0.059675,0.004));
#4587=CARTESIAN_POINT('',(0.111775,-0.059675,0.004));
#4588=CARTESIAN_POINT('',(0.104775,-0.073675,0.004));
#4589=CARTESIAN_POINT('',(0.104775,-0.073675,0.002));
#4590=CARTESIAN_POINT('',(0.097775,-0.073675,0.002));
#4591=CARTESIAN_POINT('',(0.097775,-0.073675,0.004));
#4592=CARTESIAN_POINT('',(0.097775,-0.073675,0.004));
#4593=CARTESIAN_POINT('',(0.104775,-0.073675,0.004));
#4594=CARTESIAN_POINT('',(0.097775,-0.066675,0.004));
#4595=CARTESIAN_POINT('',(0.097775,-0.066675,0.002));
#4596=CARTESIAN_POINT('',(0.097775,-0.059675,0.002));
#4597=CARTESIAN_POINT('',(0.097775,-0.059675,0.004));
#4598=CARTESIAN_POINT('',(0.097775,-0.059675,0.004));
#4599=CARTESIAN_POINT('',(0.097775,-0.066675,0.004));
#4600=CARTESIAN_POINT('',(0.097775,-0.09525,0.004));
#4601=CARTESIAN_POINT('',(0.097775,-0.09525,0.002));
#4602=CARTESIAN_POINT('',(0.097775,-0.078725,0.002));
#4603=CARTESIAN_POINT('',(0.097775,-0.111775,0.002));
#4604=CARTESIAN_POINT('',(0.097775,-0.078725,0.004));
#4605=CARTESIAN_POINT('',(0.097775,-0.078725,0.004));
#4606=CARTESIAN_POINT('',(0.097775,-0.09525,0.004));
#4607=CARTESIAN_POINT('',(0.097775,-0.111775,0.004));
#4608=CARTESIAN_POINT('',(0.097775,-0.111775,0.004));
#4609=CARTESIAN_POINT('',(0.104775,-0.078725,0.004));
#4610=CARTESIAN_POINT('',(0.104775,-0.078725,0.002));
#4611=CARTESIAN_POINT('',(0.111775,-0.078725,0.002));
#4612=CARTESIAN_POINT('',(0.111775,-0.078725,0.004));
#4613=CARTESIAN_POINT('',(0.111775,-0.078725,0.004));
#4614=CARTESIAN_POINT('',(0.104775,-0.078725,0.004));
#4615=CARTESIAN_POINT('',(0.111775,-0.085725,0.004));
#4616=CARTESIAN_POINT('',(0.111775,-0.085725,0.002));
#4617=CARTESIAN_POINT('',(0.111775,-0.111775,0.002));
#4618=CARTESIAN_POINT('',(0.111775,-0.111775,0.004));
#4619=CARTESIAN_POINT('',(0.111775,-0.111775,0.004));
#4620=CARTESIAN_POINT('',(0.111775,-0.085725,0.004));
#4621=CARTESIAN_POINT('',(-0.0025,-0.05715,0.004));
#4622=CARTESIAN_POINT('',(-0.0025,-0.05715,0.002));
#4623=CARTESIAN_POINT('',(-0.0025,0.0025,0.002));
#4624=CARTESIAN_POINT('',(-0.0025,-0.1168,0.002));
#4625=CARTESIAN_POINT('',(-0.0025,-0.1168,0.004));
#4626=CARTESIAN_POINT('',(-0.0025,-0.1168,0.004));
#4627=CARTESIAN_POINT('',(-0.0025,-0.05715,0.004));
#4628=CARTESIAN_POINT('',(-0.0025,0.0025,0.004));
#4629=CARTESIAN_POINT('',(-0.0025,0.0025,0.004));
#4630=CARTESIAN_POINT('',(0.05715,-0.1168,0.004));
#4631=CARTESIAN_POINT('',(0.05715,-0.1168,0.002));
#4632=CARTESIAN_POINT('',(0.1168,-0.1168,0.002));
#4633=CARTESIAN_POINT('',(0.1168,-0.1168,0.004));
#4634=CARTESIAN_POINT('',(0.1168,-0.1168,0.004));
#4635=CARTESIAN_POINT('',(0.05715,-0.1168,0.004));
#4636=CARTESIAN_POINT('',(0.1168,-0.05715,0.004));
#4637=CARTESIAN_POINT('',(0.1168,-0.05715,0.002));
#4638=CARTESIAN_POINT('',(0.1168,0.0025,0.002));
#4639=CARTESIAN_POINT('',(0.1168,0.0025,0.004));
#4640=CARTESIAN_POINT('',(0.1168,0.0025,0.004));
#4641=CARTESIAN_POINT('',(0.1168,-0.05715,0.004));
#4642=CARTESIAN_POINT('',(0.016525,-0.104775,0.004));
#4643=CARTESIAN_POINT('',(0.016525,-0.104775,0.002));
#4644=CARTESIAN_POINT('',(0.016525,-0.111775,0.002));
#4645=CARTESIAN_POINT('',(0.016525,-0.078725,0.002));
#4646=CARTESIAN_POINT('',(0.016525,-0.111775,0.004));
#4647=CARTESIAN_POINT('',(0.016525,-0.111775,0.004));
#4648=CARTESIAN_POINT('',(0.016525,-0.104775,0.004));
#4649=CARTESIAN_POINT('',(0.016525,-0.078725,0.004));
#4650=CARTESIAN_POINT('',(0.016525,-0.078725,0.004));
#4651=CARTESIAN_POINT('',(0.009525,-0.111775,0.004));
#4652=CARTESIAN_POINT('',(0.009525,-0.111775,0.002));
#4653=CARTESIAN_POINT('',(0.002525,-0.111775,0.002));
#4654=CARTESIAN_POINT('',(0.002525,-0.111775,0.004));
#4655=CARTESIAN_POINT('',(0.002525,-0.111775,0.004));
#4656=CARTESIAN_POINT('',(0.009525,-0.111775,0.004));
#4657=CARTESIAN_POINT('',(0.002525,-0.104775,0.004));
#4658=CARTESIAN_POINT('',(0.002525,-0.104775,0.002));
#4659=CARTESIAN_POINT('',(0.002525,-0.078725,0.002));
#4660=CARTESIAN_POINT('',(0.002525,-0.078725,0.004));
#4661=CARTESIAN_POINT('',(0.002525,-0.078725,0.004));
#4662=CARTESIAN_POINT('',(0.002525,-0.104775,0.004));
#4663=CARTESIAN_POINT('',(0.066675,-0.002525,0.004));
#4664=CARTESIAN_POINT('',(0.066675,-0.002525,0.002));
#4665=CARTESIAN_POINT('',(0.073675,-0.002525,0.002));
#4666=CARTESIAN_POINT('',(0.040625,-0.002525,0.002));
#4667=CARTESIAN_POINT('',(0.073675,-0.002525,0.004));
#4668=CARTESIAN_POINT('',(0.073675,-0.002525,0.004));
#4669=CARTESIAN_POINT('',(0.066675,-0.002525,0.004));
#4670=CARTESIAN_POINT('',(0.040625,-0.002525,0.004));
#4671=CARTESIAN_POINT('',(0.040625,-0.002525,0.004));
#4672=CARTESIAN_POINT('',(0.073675,-0.009525,0.004));
#4673=CARTESIAN_POINT('',(0.073675,-0.009525,0.002));
#4674=CARTESIAN_POINT('',(0.073675,-0.016525,0.002));
#4675=CARTESIAN_POINT('',(0.073675,-0.016525,0.004));
#4676=CARTESIAN_POINT('',(0.073675,-0.016525,0.004));
#4677=CARTESIAN_POINT('',(0.073675,-0.009525,0.004));
#4678=CARTESIAN_POINT('',(0.066675,-0.016525,0.004));
#4679=CARTESIAN_POINT('',(0.066675,-0.016525,0.002));
#4680=CARTESIAN_POINT('',(0.040625,-0.016525,0.002));
#4681=CARTESIAN_POINT('',(0.040625,-0.016525,0.004));
#4682=CARTESIAN_POINT('',(0.040625,-0.016525,0.004));
#4683=CARTESIAN_POINT('',(0.066675,-0.016525,0.004));
#4684=CARTESIAN_POINT('',(0.016525,-0.009525,0.004));
#4685=CARTESIAN_POINT('',(0.016525,-0.009525,0.002));
#4686=CARTESIAN_POINT('',(0.016525,-0.016525,0.002));
#4687=CARTESIAN_POINT('',(0.016525,-0.002525,0.002));
#4688=CARTESIAN_POINT('',(0.016525,-0.016525,0.004));
#4689=CARTESIAN_POINT('',(0.016525,-0.016525,0.004));
#4690=CARTESIAN_POINT('',(0.016525,-0.009525,0.004));
#4691=CARTESIAN_POINT('',(0.016525,-0.002525,0.004));
#4692=CARTESIAN_POINT('',(0.016525,-0.002525,0.004));
#4693=CARTESIAN_POINT('',(0.009525,-0.016525,0.004));
#4694=CARTESIAN_POINT('',(0.009525,-0.016525,0.002));
#4695=CARTESIAN_POINT('',(0.002525,-0.016525,0.002));
#4696=CARTESIAN_POINT('',(0.002525,-0.016525,0.004));
#4697=CARTESIAN_POINT('',(0.002525,-0.016525,0.004));
#4698=CARTESIAN_POINT('',(0.009525,-0.016525,0.004));
#4699=CARTESIAN_POINT('',(0.002525,-0.009525,0.004));
#4700=CARTESIAN_POINT('',(0.002525,-0.009525,0.002));
#4701=CARTESIAN_POINT('',(0.002525,-0.002525,0.002));
#4702=CARTESIAN_POINT('',(0.002525,-0.002525,0.004));
#4703=CARTESIAN_POINT('',(0.002525,-0.002525,0.004));
#4704=CARTESIAN_POINT('',(0.002525,-0.009525,0.004));
#4705=CARTESIAN_POINT('',(0.009525,-0.040625,0.004));
#4706=CARTESIAN_POINT('',(0.009525,-0.040625,0.002));
#4707=CARTESIAN_POINT('',(0.009525,-0.040625,0.004));
#4708=CARTESIAN_POINT('',(0.009525,-0.059675,0.004));
#4709=CARTESIAN_POINT('',(0.009525,-0.059675,0.002));
#4710=CARTESIAN_POINT('',(0.009525,-0.059675,0.004));
#4711=CARTESIAN_POINT('',(0.028575,-0.002525,0.004));
#4712=CARTESIAN_POINT('',(0.028575,-0.002525,0.002));
#4713=CARTESIAN_POINT('',(0.028575,-0.002525,0.004));
#4714=CARTESIAN_POINT('',(0.028575,-0.021575,0.004));
#4715=CARTESIAN_POINT('',(0.028575,-0.021575,0.002));
#4716=CARTESIAN_POINT('',(0.028575,-0.021575,0.004));
#4717=CARTESIAN_POINT('',(0.028575,-0.040625,0.004));
#4718=CARTESIAN_POINT('',(0.028575,-0.040625,0.002));
#4719=CARTESIAN_POINT('',(0.028575,-0.040625,0.004));
#4720=CARTESIAN_POINT('',(0.028575,-0.059675,0.004));
#4721=CARTESIAN_POINT('',(0.028575,-0.059675,0.002));
#4722=CARTESIAN_POINT('',(0.028575,-0.059675,0.004));
#4723=CARTESIAN_POINT('',(0.028575,-0.078725,0.004));
#4724=CARTESIAN_POINT('',(0.028575,-0.078725,0.002));
#4725=CARTESIAN_POINT('',(0.028575,-0.078725,0.004));
#4726=CARTESIAN_POINT('',(0.028575,-0.097775,0.004));
#4727=CARTESIAN_POINT('',(0.028575,-0.097775,0.002));
#4728=CARTESIAN_POINT('',(0.028575,-0.097775,0.004));
#4729=CARTESIAN_POINT('',(0.047625,-0.021575,0.004));
#4730=CARTESIAN_POINT('',(0.047625,-0.021575,0.002));
#4731=CARTESIAN_POINT('',(0.047625,-0.021575,0.004));
#4732=CARTESIAN_POINT('',(0.047625,-0.040625,0.004));
#4733=CARTESIAN_POINT('',(0.047625,-0.040625,0.002));
#4734=CARTESIAN_POINT('',(0.047625,-0.040625,0.004));
#4735=CARTESIAN_POINT('',(0.047625,-0.059675,0.004));
#4736=CARTESIAN_POINT('',(0.047625,-0.059675,0.002));
#4737=CARTESIAN_POINT('',(0.047625,-0.059675,0.004));
#4738=CARTESIAN_POINT('',(0.047625,-0.078725,0.004));
#4739=CARTESIAN_POINT('',(0.047625,-0.078725,0.002));
#4740=CARTESIAN_POINT('',(0.047625,-0.078725,0.004));
#4741=CARTESIAN_POINT('',(0.047625,-0.097775,0.004));
#4742=CARTESIAN_POINT('',(0.047625,-0.097775,0.002));
#4743=CARTESIAN_POINT('',(0.047625,-0.097775,0.004));
#4744=CARTESIAN_POINT('',(0.066675,-0.021575,0.004));
#4745=CARTESIAN_POINT('',(0.066675,-0.021575,0.002));
#4746=CARTESIAN_POINT('',(0.066675,-0.021575,0.004));
#4747=CARTESIAN_POINT('',(0.066675,-0.040625,0.004));
#4748=CARTESIAN_POINT('',(0.066675,-0.040625,0.002));
#4749=CARTESIAN_POINT('',(0.066675,-0.040625,0.004));
#4750=CARTESIAN_POINT('',(0.066675,-0.059675,0.004));
#4751=CARTESIAN_POINT('',(0.066675,-0.059675,0.002));
#4752=CARTESIAN_POINT('',(0.066675,-0.059675,0.004));
#4753=CARTESIAN_POINT('',(0.066675,-0.078725,0.004));
#4754=CARTESIAN_POINT('',(0.066675,-0.078725,0.002));
#4755=CARTESIAN_POINT('',(0.066675,-0.078725,0.004));
#4756=CARTESIAN_POINT('',(0.066675,-0.097775,0.004));
#4757=CARTESIAN_POINT('',(0.066675,-0.097775,0.002));
#4758=CARTESIAN_POINT('',(0.066675,-0.097775,0.004));
#4759=CARTESIAN_POINT('',(0.085725,-0.002525,0.004));
#4760=CARTESIAN_POINT('',(0.085725,-0.002525,0.002));
#4761=CARTESIAN_POINT('',(0.085725,-0.002525,0.004));
#4762=CARTESIAN_POINT('',(0.085725,-0.021575,0.004));
#4763=CARTESIAN_POINT('',(0.085725,-0.021575,0.002));
#4764=CARTESIAN_POINT('',(0.085725,-0.021575,0.004));
#4765=CARTESIAN_POINT('',(0.085725,-0.040625,0.004));
#4766=CARTESIAN_POINT('',(0.085725,-0.040625,0.002));
#4767=CARTESIAN_POINT('',(0.085725,-0.040625,0.004));
#4768=CARTESIAN_POINT('',(0.085725,-0.059675,0.004));
#4769=CARTESIAN_POINT('',(0.085725,-0.059675,0.002));
#4770=CARTESIAN_POINT('',(0.085725,-0.059675,0.004));
#4771=CARTESIAN_POINT('',(0.085725,-0.078725,0.004));
#4772=CARTESIAN_POINT('',(0.085725,-0.078725,0.002));
#4773=CARTESIAN_POINT('',(0.085725,-0.078725,0.004));
#4774=CARTESIAN_POINT('',(0.085725,-0.097775,0.004));
#4775=CARTESIAN_POINT('',(0.085725,-0.097775,0.002));
#4776=CARTESIAN_POINT('',(0.085725,-0.097775,0.004));
#4777=CARTESIAN_POINT('',(0.104775,-0.002525,0.004));
#4778=CARTESIAN_POINT('',(0.104775,-0.002525,0.002));
#4779=CARTESIAN_POINT('',(0.104775,-0.002525,0.004));
#4780=CARTESIAN_POINT('',(0.104775,-0.021575,0.004));
#4781=CARTESIAN_POINT('',(0.104775,-0.021575,0.002));
#4782=CARTESIAN_POINT('',(0.104775,-0.021575,0.004));
#4783=CARTESIAN_POINT('',(0.104775,-0.040625,0.004));
#4784=CARTESIAN_POINT('',(0.104775,-0.040625,0.002));
#4785=CARTESIAN_POINT('',(0.104775,-0.040625,0.004));
#4786=CARTESIAN_POINT('',(0.104775,-0.059675,0.004));
#4787=CARTESIAN_POINT('',(0.104775,-0.059675,0.002));
#4788=CARTESIAN_POINT('',(0.104775,-0.059675,0.004));
#4789=CARTESIAN_POINT('',(0.104775,-0.111775,0.004));
#4790=CARTESIAN_POINT('',(0.104775,-0.111775,0.002));
#4791=CARTESIAN_POINT('',(0.104775,-0.111775,0.004));
#4792=CARTESIAN_POINT('',(0.0874,0.0025,0.004));
#4793=CARTESIAN_POINT('',(0.0874,0.0025,0.002));
#4794=CARTESIAN_POINT('',(0.0874,0.0025,0.004));
#4795=CARTESIAN_POINT('',(0.01905,-0.01905,0.004));
#4796=CARTESIAN_POINT('',(0.01905,-0.01905,0.004));
#4797=CARTESIAN_POINT('',(0.02105,-0.01905,0.004));
#4798=CARTESIAN_POINT('',(0.01905,-0.01905,0.002));
#4799=CARTESIAN_POINT('',(0.02105,-0.01905,0.002));
#4800=CARTESIAN_POINT('',(0.01905,-0.05715,0.004));
#4801=CARTESIAN_POINT('',(0.01905,-0.05715,0.004));
#4802=CARTESIAN_POINT('',(0.02105,-0.05715,0.004));
#4803=CARTESIAN_POINT('',(0.01905,-0.05715,0.002));
#4804=CARTESIAN_POINT('',(0.02105,-0.05715,0.002));
#4805=CARTESIAN_POINT('',(0.05715,-0.09525,0.004));
#4806=CARTESIAN_POINT('',(0.05715,-0.09525,0.004));
#4807=CARTESIAN_POINT('',(0.05915,-0.09525,0.004));
#4808=CARTESIAN_POINT('',(0.05715,-0.09525,0.002));
#4809=CARTESIAN_POINT('',(0.05915,-0.09525,0.002));
#4810=CARTESIAN_POINT('',(0.09525,-0.01905,0.004));
#4811=CARTESIAN_POINT('',(0.09525,-0.01905,0.004));
#4812=CARTESIAN_POINT('',(0.09725,-0.01905,0.004));
#4813=CARTESIAN_POINT('',(0.09525,-0.01905,0.002));
#4814=CARTESIAN_POINT('',(0.09725,-0.01905,0.002));
#4815=CARTESIAN_POINT('',(0.09525,-0.05715,0.004));
#4816=CARTESIAN_POINT('',(0.09525,-0.05715,0.004));
#4817=CARTESIAN_POINT('',(0.09725,-0.05715,0.004));
#4818=CARTESIAN_POINT('',(0.09525,-0.05715,0.002));
#4819=CARTESIAN_POINT('',(0.09725,-0.05715,0.002));
#4820=CARTESIAN_POINT('',(0.009525,-0.078725,0.004));
#4821=CARTESIAN_POINT('',(0.009525,-0.078725,0.002));
#4822=CARTESIAN_POINT('',(0.009525,-0.078725,0.004));
#4823=CARTESIAN_POINT('',(0.040625,-0.009525,0.004));
#4824=CARTESIAN_POINT('',(0.040625,-0.009525,0.002));
#4825=CARTESIAN_POINT('',(0.040625,-0.009525,0.004));
#4826=CARTESIAN_POINT('',(0.009525,-0.002525,0.004));
#4827=CARTESIAN_POINT('',(0.009525,-0.002525,0.002));
#4828=CARTESIAN_POINT('',(0.009525,-0.002525,0.004));
#4829=CARTESIAN_POINT('',(0.009525,-0.021575,0.004));
#4830=CARTESIAN_POINT('',(0.009525,-0.021575,0.002));
#4831=CARTESIAN_POINT('',(0.009525,-0.021575,0.004));
#4832=CARTESIAN_POINT('',(0.05715,-0.04465,0.004));
#4833=CARTESIAN_POINT('',(0.05715,-0.04465,0.002));
#4834=MECHANICAL_DESIGN_GEOMETRIC_PRESENTATION_REPRESENTATION('',(#3109),
#4835);
#4835=(
GEOMETRIC_REPRESENTATION_CONTEXT(3)
GLOBAL_UNCERTAINTY_ASSIGNED_CONTEXT((#4836))
GLOBAL_UNIT_ASSIGNED_CONTEXT((#4839,#4838,#4837))
REPRESENTATION_CONTEXT('Part 2','TOP_LEVEL_ASSEMBLY_PART')
);
#4836=UNCERTAINTY_MEASURE_WITH_UNIT(LENGTH_MEASURE(1.E-8),#4839,
'DISTANCE_ACCURACY_VALUE','Maximum Tolerance applied to model');
#4837=(
NAMED_UNIT(*)
SI_UNIT($,.STERADIAN.)
SOLID_ANGLE_UNIT()
);
#4838=(
NAMED_UNIT(*)
PLANE_ANGLE_UNIT()
SI_UNIT($,.RADIAN.)
);
#4839=(
LENGTH_UNIT()
NAMED_UNIT(*)
SI_UNIT($,.METRE.)
);
#4840=PRODUCT_DEFINITION_SHAPE('','',#4841);
#4841=PRODUCT_DEFINITION('','',#4843,#4842);
#4842=PRODUCT_DEFINITION_CONTEXT('',#4849,'design');
#4843=PRODUCT_DEFINITION_FORMATION_WITH_SPECIFIED_SOURCE('','',#4845,
 .NOT_KNOWN.);
#4844=PRODUCT_RELATED_PRODUCT_CATEGORY('','',(#4845));
#4845=PRODUCT('Part 2','Part 2','Part 2',(#4847));
#4846=PRODUCT_CATEGORY('','');
#4847=PRODUCT_CONTEXT('',#4849,'mechanical');
#4848=APPLICATION_PROTOCOL_DEFINITION('international standard',
'ap242_managed_model_based_3d_engineering',2020,#4849);
#4849=APPLICATION_CONTEXT('managed model based 3d engineering');
ENDSEC;
END-ISO-10303-21;
